-- phpMyAdmin SQL Dump
-- version 5.1.1
-- https://www.phpmyadmin.net/
--
-- Host: 127.0.0.1
-- Waktu pembuatan: 25 Jun 2023 pada 03.45
-- Versi server: 10.4.22-MariaDB
-- Versi PHP: 7.4.27

SET SQL_MODE = "NO_AUTO_VALUE_ON_ZERO";
START TRANSACTION;
SET time_zone = "+00:00";


/*!40101 SET @OLD_CHARACTER_SET_CLIENT=@@CHARACTER_SET_CLIENT */;
/*!40101 SET @OLD_CHARACTER_SET_RESULTS=@@CHARACTER_SET_RESULTS */;
/*!40101 SET @OLD_COLLATION_CONNECTION=@@COLLATION_CONNECTION */;
/*!40101 SET NAMES utf8mb4 */;

--
-- Database: `smart_lib`
--

-- --------------------------------------------------------

--
-- Struktur dari tabel `auth_key`
--

CREATE TABLE `auth_key` (
  `id` varchar(191) COLLATE utf8mb4_unicode_ci NOT NULL,
  `hashed_password` varchar(191) COLLATE utf8mb4_unicode_ci DEFAULT NULL,
  `user_id` varchar(191) COLLATE utf8mb4_unicode_ci NOT NULL,
  `primary_key` tinyint(1) NOT NULL,
  `expires` bigint(20) DEFAULT NULL
) ENGINE=InnoDB DEFAULT CHARSET=utf8mb4 COLLATE=utf8mb4_unicode_ci;

--
-- Dumping data untuk tabel `auth_key`
--

INSERT INTO `auth_key` (`id`, `hashed_password`, `user_id`, `primary_key`, `expires`) VALUES
('username:andi_lala', 's2:rxxukzykLKkifSPV:61793e7f671386a470dc0e562bdfb5616fc826b3c83fdf2af86d7b8c04453622721a22cc5c84298bbf0a2396e4de0941b8a9a66a21f50756de033e06ffc2b0e5', 'F1Neo1sVbmJGxvy', 1, NULL),
('username:andi_zohra', 's2:qxPbU6tUN9iZaHsR:8dc69cb5ffadc0d0c7c54cc4b3170c66480d71c535f986b2359092a0edc564e322125bf220d78af087bb5774e7b64f1f608e96870da3bef5ef9eafdf6a6ebc27', '4JKsuudZ02bi9Co', 1, NULL),
('username:andi_zulfikar', 's2:CJOwLSpbKl9tPDyp:7d77e3cfac5c1a0dd3145ff1d75abdd9ede555a97f36f9da0e596694bb6cb6298c028f8ebf27bef06ff9cd71ecee9d19f9d4f7bfa59e16883a76de1fa47c71ab', 'Q0P2o9aYzQatdJt', 1, NULL),
('username:anggota1', 's2:pFk2owg6lbfEwGuS:5e988446603a096ced60e9aecafe2c04fc1e773ac20c6d40db577ca92e021bacb509a5de97543536f2e0a28ad9b6f48ab79559b300d5740f4f410f90862abef9', 'Pf8U3d6J7WqluFK', 1, NULL),
('username:anggota5', 's2:LBXobMcOXq2EVEY5:88c039c4314d997827c0528b994ed1c4dfb092873cebf5778c0fb730aa453dd7062f4043155733b585848e4e513dd482e1ce3399411da271ca631dc9b7aaa8c1', 'zQ1HfJXtfxeqcZP', 1, NULL),
('username:petugas', 's2:dg1ksGRjCWG2DKMN:4f45403b26350ee7f168b5617026f31d18012a803907b14c129a42a6409265ba23a4684f1bdab726a5250a5da5fb52aa0a3f696b1db9859e211943bfb80791e0', 'moNXzLQ44azPbiK', 1, NULL),
('username:ptgs5', 's2:BXwsfGI9EHjO67d6:584c0048d588537b49f9b4bbf02e2baaee4d29fb2c8c544e312e061cd3f029987ff6a9420ab15a67744088b9e2f8fdac8ce5c7d180fca7250c69567d244e66aa', 'q544ww5zWXzoPJu', 1, NULL),
('username:rara', 's2:BgdKGqFh2FX4bI74:e1c22b4275265eebe8b07697c992dda39a708b81ba954fe076cfdb747e455adb1ce770f16cad055dbf61adbabdd4182226003044150ea50ed1188f81e211a03a', 'QEl9oZr8Ofc5AFp', 1, NULL),
('username:tes', 's2:rDhq57I7Y2iEXjcd:4373432231a3a36946b5246cd05ec3c2cd8900116f2026a71344ddfbb18cb5291b08ec64b8cfd602cde0eedca598010f909e10a1703538ee7a89c8f3b1dcc6e3', 'ruAdYnttMdN3OAz', 1, NULL),
('username:tes2', 's2:89yEJCp6DitvpnT9:b4e4a933de5a7e9420d47d43caf91df34b24908e25320d5c388dfc602f43bcba848125aef46aa9ff8bb30f26905d4e5e083055feccfd49b34ea955a8f2e14197', 'pVfIuLMn6sngbCt', 1, NULL),
('username:tes3', 's2:bHbUQI7QLWwiLEnI:898e9926e6569b3862544943ea5146a2c477b026255e622d4035b3138e8da0abb7c58b723fb7e0531f17b3e366f534c148a43766ef0d53fe1d62e4225a626840', 'VFHd62iXYhorqQe', 1, NULL);

-- --------------------------------------------------------

--
-- Struktur dari tabel `auth_session`
--

CREATE TABLE `auth_session` (
  `id` varchar(191) COLLATE utf8mb4_unicode_ci NOT NULL,
  `user_id` varchar(191) COLLATE utf8mb4_unicode_ci NOT NULL,
  `active_expires` bigint(20) NOT NULL,
  `idle_expires` bigint(20) NOT NULL
) ENGINE=InnoDB DEFAULT CHARSET=utf8mb4 COLLATE=utf8mb4_unicode_ci;

--
-- Dumping data untuk tabel `auth_session`
--

INSERT INTO `auth_session` (`id`, `user_id`, `active_expires`, `idle_expires`) VALUES
('3CaCDpDnJbVXkzip2aVtSCr9pSIiR1D7uuBA6O78', 'ruAdYnttMdN3OAz', 1687678942767, 1688888542767),
('c6M7vFfU6DnLmdws5mvzRWV6qIGmTeUE0G9nK6OW', 'Pf8U3d6J7WqluFK', 1687707097816, 1688916697816),
('DLtu0WFrrvIc6PfRxkS6Ot0iCnmVJLUbfo8tadsm', 'ruAdYnttMdN3OAz', 1687743613547, 1688953213547),
('G8CFKOoJ9zyG2hjIHbgDhIJfhtVz1BPPq4k1dhsP', 'ruAdYnttMdN3OAz', 1687679200512, 1688888800512),
('hx768IBqNL8ByucsczQ0kUCvCcubcSLiyeX1LwoT', 'Pf8U3d6J7WqluFK', 1687737271924, 1688946871924),
('p2ZYWExCt8oj6xZ6mdTnWOydM8FIY6Q48Bq0jooP', 'Pf8U3d6J7WqluFK', 1687743733199, 1688953333199);

-- --------------------------------------------------------

--
-- Struktur dari tabel `auth_user`
--

CREATE TABLE `auth_user` (
  `id` varchar(191) COLLATE utf8mb4_unicode_ci NOT NULL,
  `nama` varchar(100) COLLATE utf8mb4_unicode_ci NOT NULL,
  `foto` mediumtext COLLATE utf8mb4_unicode_ci DEFAULT NULL,
  `username` varchar(100) COLLATE utf8mb4_unicode_ci NOT NULL,
  `wa` varchar(20) COLLATE utf8mb4_unicode_ci DEFAULT NULL,
  `level` enum('ANGGOTA','PETUGAS','ADMIN') COLLATE utf8mb4_unicode_ci NOT NULL DEFAULT 'ANGGOTA',
  `np` varchar(10) COLLATE utf8mb4_unicode_ci DEFAULT NULL,
  `na` varchar(10) COLLATE utf8mb4_unicode_ci DEFAULT NULL
) ENGINE=InnoDB DEFAULT CHARSET=utf8mb4 COLLATE=utf8mb4_unicode_ci;

--
-- Dumping data untuk tabel `auth_user`
--

INSERT INTO `auth_user` (`id`, `nama`, `foto`, `username`, `wa`, `level`, `np`, `na`) VALUES
('4JKsuudZ02bi9Co', 'Andi Zohra', '', 'andi_zohra', '', 'ANGGOTA', NULL, '32323'),
('F1Neo1sVbmJGxvy', 'andi lala', '', 'andi_lala', '', 'PETUGAS', '3231213', NULL),
('moNXzLQ44azPbiK', 'petugas', '', 'petugas', '', 'PETUGAS', '123333', NULL),
('Pf8U3d6J7WqluFK', 'anggota', '', 'anggota1', '12323', 'ANGGOTA', NULL, '31232'),
('pVfIuLMn6sngbCt', 'tes', '', 'tes2', '', 'ANGGOTA', NULL, '123'),
('Q0P2o9aYzQatdJt', 'Andi Zulfikar', '', 'andi_zulfikar', '', 'ANGGOTA', NULL, '8272562'),
('q544ww5zWXzoPJu', 'petugas', '', 'ptgs5', '', 'PETUGAS', '123', NULL),
('QEl9oZr8Ofc5AFp', 'andi rara', '', 'rara', '', 'ADMIN', NULL, NULL);
INSERT INTO `auth_user` (`id`, `nama`, `foto`, `username`, `wa`, `level`, `np`, `na`) VALUES
('ruAdYnttMdN3OAz', 'tes', 'data:image/jpeg;base64,/9j/4AAQSkZJRgABAQAAAQABAAD/2wCEAAcHBwcIBwgJCQgMDAsMDBEQDg4QERoSFBIUEhonGB0YGB0YJyMqIiAiKiM+MSsrMT5IPDk8SFdOTldtaG2Pj8ABBwcHBwgHCAkJCAwMCwwMERAODhARGhIUEhQSGicYHRgYHRgnIyoiICIqIz4xKysxPkg8OTxIV05OV21obY+PwP/CABEIB9AF3AMBIgACEQEDEQH/xAAcAAEBAQEBAQEBAQAAAAAAAAAAAQIDBAUGBwj/2gAIAQEAAAAA/igAAAAAAAAAAAAAAAAAAAAAAAAAAAAAAAAAAAAAAAAAAAAAAAAAAAAAAAAAAAAAAAAAAAAAAAAAAAAAAAAAAAAAAAAAAAAAAAAAAAAAAAAAAAAAAAAAAAAAAAAAAAAAAAAAAAAAAAAAAAAAAAAAAAAAAAAAAAAAAAAAAAAAAAAAAAAAAAAAAAAAAAAAAAAAAAAAAAAAAAAAAAAAAAAAAAAAAAAAAAAAAAAAAAAAAAAAAAAAAAAAAAAAAAAAAAAAAAAAAAAAAAAAAAAAAAAAAAAAAAAAAAAAAAAAAAAAAAAAAAAAAAAAAAAAAAAAAAAAAAAAAAAAAAAAAAAAAAAAAAAAAAAAAAAAAAAAAAAAAAAAAAAAAAAAAAAAAAAAAAAAAAAAAAAAAAAAAAAAAAAAAAAAAAAAAAAAAAAAAAAAAAAAAAAAAAAAAAAAAAAAAAAAAAAAAAAAAAAAAAAAAAAAAAAAAAAAAAAAAAAAAAAAAAAAAAAAAAAAAAAAAAAAAAAAAAAAAAAAAAAAAAAAAAAAAAAAAAAAAAAAAAAAAAAVAAAAAAAAAAAAAAAAAAAAAAAAAAAAAU0l1C3OsIiAAAAAAAAAAAAAAAAAAAAAAAAAAAUuqxM8cvTizo3USZAAAAAAAAAAAAAAAAAAAAAAAAAADW0554+bLRW2ZrfZ062ZkAAAAAAAAAAAAAAAAAAAAAAAAACjpjlOPHjd655VNNSnfT0dpnIAAAAAAAAAAAAAAAAAAAAAAAABpc+TXJjKpnJZmTTZdt9OnbpmQAAAAAAAAAAAAAAAAAAAAAAAALrn5+ON8udusVDW+OYtutzWrbe/fWZAAAAAAAAAAAAAAAAAAAAAAAAFvj8/LOWdVcxpq6mVKurz0utb7+hgAAAAAAAAAAAAAAAAAAAAAAAA+ZzznEKXNXWq1Ml1nd5yG9t9/YyAAAAAAAAAAAAAAAAAAAAAAADXzvPnPNJTNrfTEirrUVJi263rW+/feYAAAAAAAAAAAAAAAAAAAAAAAa83zs5zlBlrS5ZtpVoq1bo6dfdrEAAAAAAAAAAAAAAAAAAAAAAAu/l+SYiES1UjcStJbrUjSalvb0+rWcgAAAAAAAAAAAAAAAAAAAAABdX5HmwkITQJrV5rc0tbubFW9O3T23AAAAAAAAAAAAAAAAAAAAAAArT4/mzCwk1SLVyIF3SlU69+vszkAAAAAAAAAAAAAAAAAAAAAC6c+Pj82ciyJaooSAlap0i5XW/V39GcgAAAAAAAAAAAAAAAAAAAAC3fLy+TnnOUqoGtF3nOrrGYmQa3bmzc3rft6deUAAAAAAAAAAAAAAAAAAAAAXc8vm4TOcrd5ambNuuujryzvXr4Ljlw4xlN9bzW5dNejr6tc4AAAAAAAAAAAAAAAAAAAAC64Y4+aYRvr3785cc9m+/oneeXXb056d+2fB5vBx4coXOZd6Xe9+v1YyAAAAAAAAAAAAAAAAAAAAF3wxz5ccF7fR9vq6cut1jj6Kzvesb8c6a7+gxrzfN8Pm4cufLF6Z1lq61193bOQAAAAAAAAAAAAAAAAAAAB0eHt6PluO52+x9j3d91q8q3rvMc3Pnz6dejo555+bh5+Hz/AB+Xhww1U1bn1+3tzgAAAAAAAAAAAAAAAAAAAC483r83XXj3nP3/ALXv9fRWtWW6uTKjpmMc5z4+fPHyefyfN+d55WmrHr92+cAAAAAAAAAAAAAAAAAAAAx4/Q643z35fr/f+r6emzai6pWmrnKM5zjHPljnx4+X5XyPDxl6aM79XvzgAAAAAAAAAAAAAAAAAAAD5817OPe+Xl9X9L9H2dt1rVJbqmi7ZTMiZ555ufLz8vJ4fn/F8mOtl68O3r9fOAAAAAAAAAAAAAAAAAAAB5PJnpt16+H6X6r6Xs9G9a1oqNat0S6QykmcZzJz5Y8fm8nh+V8jn3zi98dfoXmAAAAAAAAAAAAAAAAAAAHys46Gs9/1f2fX6+t3veouV1dXUKW5SYXHK4mc45efw8PN8f4CzOu2PT7MAAAAAAAAAAAAAAAAAAADn8vNJ0fof0f0PT27XXTWgz0tNFLNTKSIziYzjHnx4+fz/ifGvnNzr795AAAAAAAAAAAAAAAAAAAPH4Yss+r+s+v7N9d3W96tpVtM6oszZEJjOcZ58+OeXHyfG+L87GejX1bgAAAAAAAAAAAAAAAAAABfn+OVL2/Vfo/odNdOmrrfQuhdVM60TUTMIkk54545c2Z5vzv5fjnOp9DvkAAAAAAAAAAAAAAAAAABrweC3LX2P1/1+3TpvWta6aW22XQzdVYmSJJGc8+eMc0zjz/lvzWeWHp+jkAAAAAAAAAAAAAAAAAABfJ84b+h+q/Qd+uum93d3VzvWmrWU1aSTISSTOMY55wmOfl/L/n+PC9PqZAAAAAAAAAAAAAAAAAAAHycZ7e79B+l9m9b1vpdbata1q2iZaoSEkzZJz55xnmz5unLwfjPncMdvpQAAAAAAAAAAAAAAAAAAA18nn29f2fv/V7b1vW+l1dra1rVozm3QImYkTOMZzzzmYxjj+e/JcOfT6cAAAAAAAAAAAAAAAAAAANeF7PR9j73s3ret763VtulutFMya0VkkkyTOecziYmMc+fzvx/zfPr6kAAAAAAAAAAAAAAAAAAANcO3b3fX+x6Na3vd6btttXVtWEltsrKMJJGMZzJMZ58+fn/ACvxfHz+pQAAAAAAAAAAAAAAAAAADXK+36P1/q9dXpvetb2NK1q3cEzRqpEkzlJnGZmZxOeOfL4H575vP6QAAAAAAAAAAAAAAAAAAA3q+/6P0Pq9Ld9Nb1vStVNarRUgpqEzJM5YkxJjE5455+V+b+R5/ogAAAAAAAAAAAAAAAAAADefT9P2/W9XZreta3va3Srq1FlRagRhMpmZmM4znGOePD+f+B5/oZAAAAAAAAAAAAAAAAAAAOnL6X0vo/R9O11vXS71bdVdNJKCNphajMyjOc5xjOcYxjw/E+P8700AAAAAAAAAAAAAAAAAAA6T6/0vf9HpTd1010t03bbdGKSF05ytLJmJM5zOWMTOM48fxvk+K5AAAAAAAAAAAAAAAAAAAOl+59P6PqtutLrW971q2taqIZzLdok2skkzmTPPnykxjM4/J+N89yAAAAAAAAAAAAAAAAAAAOvT7v0/p61q61m71vW9b1bWtEiTBqrFsEZzMzHLHPGcZjn874XzXAAAAAAAAAAAAAAAAAAAAvs+/wDZ77b3uRvW9b1vat2rmGcazu3K6QiZjGeWMZ55xM5xy+B8bnxAAAAAAAAAAAAAAAAAAAH0/v8A1961re4utb1vpa03ViRmG9MzWkkTEXOeWccueJJnGfkfnePAAAAAAAAAAAAAAAAAAAAv2/u/R1retbF106dGi3WmpDMubvTOdVDOcZXMzMcufPMmc48v5v53AAAAAAAAAAAAAAAAAAAA6fc/QerWtdNWrb030tydKttzLltrWYIlxnPNITPLjjKTOOf5T5fMAAAAAAAAAAAAAAAAAAA7/c/Qd9bu9Ub3a0jWrd4vSSrttMwkyznGLyaxnOXKLnOc/mvi8AAAAAAAAAAAAAAAAAAADt+j+521q66sTOnLOrrHay9Lq71dtXVhzsmMzE8vLOG+U1y9NxuyZz+f/O8gAAAAAAAAAAAAAAAAAADv+l+111q71ccOOfFljXr4eTl6e3H1ej19+ut71asmcTHHPDy8J8/jqdumeHR6vT6eyTn8L83xAAAAAAAAAAAAAAAAAAAO/wCq+v0u27rl835vh6615fF5Mc+du/R6/q/W93o7a6W2yY4c+HxPmeDn4unLHH0ez0dePodev0PsaZz8j8lzAAAAAAAAAAAAAAAAAAAOv6r7HXdt0+f8HxTg8u/Nw42cLrry9P2P0f2e3Xpq1Jy5ef5nz/z/AM28+nHHSa9vf1eqeL09/wBD7LnPx/ynIAAAAAAAAAAAAAAAAAAA3+s+x06aurx+N8mYTp37cfL5OGczjudvuff9nXpvVYxjj5/lfF83m8/Pp7PTv1ety48cY16/Z9zpmfG/J8wAAAAAAAAAAAAAAAAAAB+t+123u15fk8Men173u1jlz4448OXbr9H29Ndd3GccuXl+bw49umt+7trprPLlz58scuv2O2Z8b8jgAAAAAAAAAAAAAAAAAAAfqvu9enTVz5efDq6XWqpz58OWZvfTt06dNzPPnjl5+Oc3XT0dulVMonm4+7rM/F/I5AAAAAAAAAAAAAAAAAAAH6j7/XrvdnPlkuZnnwlcndDXTfXrvbHPnw44mZpeWrrM7dt2rc73OXxPyIAAAAAAAAAAAAAAAAAAAfpv0fTp02Y5ZmOXD52dZX09M+fHs7W9OnXr06ufHj5+WZmcvN19HX1ZnLl4PP8AU9Xbe29Z5fE/IAAAAAAAAAAAAAAAAAAAB9/9V069NVjlz5eX5Pn7/E+Zflunb9D9nvw9nad+vbv3774ebzebHPOOHl7vH8zz+J7fp+z0+P0fS9PXfVnl8L8iAAAAAAAAAAAAAAAAAAAH3f1nXp03XPn5/L8vw/L+f+j/AEX4X4X1fofmP0n6Lw+3r6t9e/Xv39Xfy+fyeTPPHn8+fF3/ADXzPR5uP1vp/K+n96dfpejr2Y5/D/HgAAAAAAAAAAAAAAAAAAB9X9p17b3pz4ePw/K+Bz/RfqfV/JPBLn7f9S+X+f8AT9frnr29Hq9Pbz+byePm7eb4Pm+99/8Akfzfb5uft/qHz/xnh+99/wBXr9HVjl8L8gAAAAAAAAAAAAAAAAAAHp/XfS+R+X8v0P3XTvverjh4vn+Xk+p9b0/zT8uX9h/RfJ4Pg/S/Q+J29Hs79Mc/F4OHb1flPB+g+l7P5V8FL97+ncfzfyMe36/1PVtjl+f/ACQAAAAAAAAAAAAAAAAAA1/Q/qenHl/N7+v0773rWefDOvNxnp9Hm/l3zr9H+mfS8vj6eH7fLXp9Pq3ZnzeLyY7fG36PR6/gfzXF6/0T7XP53l7639L1Wc+f5z8o+/8AY18P4QAAAAAAAAAAAAAAAAA+3+o+X9/6W+Xm4b7dNXas8+HLHmx6cfEv1eubr0dcu/p697Znl5eHC3l55d/I+LPv/R5sa699dO0zz5+D4/3Ptb4+X8V8MAAAAAAAAAAAAAAAAA/R/f8AHy+39PfLxu/TWtaus8+HNnmvHpyjet769enTr01Jnn5+Wbx5YzLt5uW+m67d+tmccsY9/V5fz19v87AAAAAAAAAAAAAAAAAP0P6rHm9Xo908uPR01rdunPjw5qzz5Rvrrp33em+nUxePDnmzPDHLOd659am/R30mMc8Pa8/w89fb/O/OAAAAAAAAAAAAAAAAA+3+1Y+l4enbz49PTet3W5nnw4c8TCumum+3Rd66dLcTnx44Xpz4Z485Jtrr6e3S5zjGOevTx8Mb3+A+cAAAAAAAAAAAAAAAAA+t+/T6fL5Pfm9PXe93erJjnz588l22vc1vpvTM58OeMb6a58M5xJrfXt12Z54xjDfn9nPz6fznxAAAAAAAAAAAAAAAAAPf/Spr6E8HkxfZvpvbfbWZmYzmTm1u/P6e3VXrvcmeXLlnnrvqY55Xd1rprVzxxjnnGOfr9vm82/H/ADOAAAAAAAAAAAAAAAAAPT/UZ29K+L5PX27661rt00wYmc5xd7c7NGum91njx5Zjr01nGJq3XTdtzz58ueMcPT79efx7/O/iAAAAAAAAAAAAAAAAAB/UvR6tc+PyPz/6T3demt7673kic5Lqs4MmunXZnn5ueGuu9MzN1N71bJz5Y5c+fzvt9GeHT8h+PAAAAAAAAAAAAAAAAAH9F+z2xy8/zPgfc+x0676Xr0qjOUtZymcy669bWcefhm66dNNTNNatTGOeOXPl+O/TfQ7b57/J/iQAAAAAAAAAAAAAAAAB+2/VdOPPHn8O/f269Ndd2t2s50SMzGcxv0btTHDzYvTpu61Uyt0ZnLGOfPz/AAfu+nfXN/L/AIYAAAAAAAAAAAAAAAAAfqP3HbzYYx15dOvTe9aa1qlqZkzMc8tde1urjPLhyzvt01stkTSYxnGOfPy+H6Po33zn8h+OAAAAAAAAAAAAAAAAAH2f6J6fPjS447673re13dWqzJObHK9Lut9GOfPnJz79N1QUxjHNz5Z4cvT0321x/BfnQAAAAAAAAAAAAAAAAB6P6h7uPDepnhrrve9a3q61pSSc/H6+c7ameTfTfLHN1vPHfdRVSyc8Zxy545a30vovn/m/ygAAAAAAAAAAAAAAAAA/pX2b5c71xy6dLrfTV10urSTOZOXbczw891rUxjffo49OilSpmOWMcueMdLd+nPj/AJdxAAAAAAAAAAAAAAAAAD9p+k9s8mevi6a1u73vpddLrSsyTny1vPDwcO+97s48enbt2jvqoUkzOWefLnjHr5zv34fE/ngAAAAAAAAAAAAAAAAAPqf0HXp15/Fy9HTWt63vetdNW0iTHDD5n85/Ocv0f7L7F1Pmfifid/0/7r1b9W7FCTOOWOfLHPPZ39HPy/jvzQAAAAAAAAAAAAAAAAAH7z9BOnX5vzvZ030a313rW9WqZXHn8T4vy/N9D2/O6/Rni+Zx8/r+h9zv7PdqgSTGMcufKcuPX29+XDH8z4AAAAAAAAAAAAAAAAAAd/6j6MdNcfPneje+m93Vt0Ezw+Lz9PTXTHHx8Jff21OPjv3/AE6qBiZnPHLllw4fV64w/N/iQAAAAAAAAAAAAAAAAAD9B+9ceW+et7srp01d61Wlic/L8rj6+2tdGJpx48PLv7Xu3VzLJnOc4xxzm49XTF14v5t5gAAAAAAAAAAAAAAAAAB+u/WZ5cOfp31pNdNXetXdqWTOefOJY+Z6+zm7dem9UmYkznHPHPKcb372fgPhAAAAAAAAAAAAAAAAAAA/X/qbrly111ZG963dauqBMcoTGfL6Omo3va6GcxM558sxMeXv6uk/K/jQAAAAAAAAAAAAAAAAAAH6X9X6Hn6a3blrd3bu6KpzxOKxNac8b1vppVSYjOMYyTlnt2n5v8SAAAAAAAAAAAAAAAAAAAPR+q+5N9OmrMXet3WrrO0MZmOfPvi60xw8/btt10bSZkzjGROPbXP8x+SAAAAAAAAAAAAAAAAAAAA9P2v1nTetMrd7urRMznjWZbOXY3x8/XOru3fTWWczEzLZjlr5n5DwAAAAAAAAAAAAAAAAAAAAGv6P6d7VmXet26mc85y6Y2w9FwtvPGM85vE9PXqkzMyLc8/N+O+RAAAAAAAAAAAAAAAAAAAAA/b/AGem7pyk663ocuHndO86ZxjWtdM8uBvWefHljr6vT1kjBbM4+F+LAAAAAAAAAAAAAAAAAAAAA/QfsNdNVjm3vVrl5/Hw9HfsnHOZnXXOBm9bw4/N6+/39tQkukzj8n+bAAAAAAAAAAAAAAAAAAAAA9n9C3001nGG92Y83z/H17eqc+HPWunS7zrGeecRnHi830fr+7RS7nNj8J8sAAAAAAAAAAAAAAAAAAAAB/RPZro1m88Otx5uHj+HPTPNjff09u3S61m8OfLnPH4fDw9X6L6f1OstW6mHL+b8gAAAAAAAAAAAAAAAAAAAAH7P7e93VmMTVzyfI/M+Xb39/t7645YOk1J6nLnz8WOvf6fqpa2c8+H+fAAAAAAAAAAAAAAAAAAAAAH3v1+9a1rGWFTl8zj0en19p0uujhN0cJnj5zXX06i1akx+f/IgAAAAAAAAAAAAAAAAAAAAHp/oW9XW8xkOfLhNaz01a69tTnmZwzjlrpu9dQKXMx+N+KAAAAAAAAAAAAAAAAAAAAAP3H1LboJpLMc5M8sa26bWM4ZxfR030axhJaMzn/O+QAAAAAAAAAAAAAAAAAAAAA+7+tt1SxqtbuM8csYTrqsyYt3vpddrjnzjKqzj5f4kAAAAAAAAAAAAAAAAAAAAAOv9C3ao00vXo58MJhrWiRlrW93W3PlzRKXGfzH50AAAAAAAAAAAAAAAAAAAAAH7T6ltM61V3166xjnyxiSmpJq66dL00xzxzgDGPwflAAAAAAAAAAAAAAAAAAAAAB9P9pVtitXfTrtOfPHPnc85G2t7661queMZzE0kz8z8WAAAAAAAAAAAAAAAAAAAAAA/a/R0tQb10662xyvPOZjnNa1vWrrVTGM5zYkjP5D5IAAAAAAAAAAAAAAAAAAAAAD6X7LWlRLu66b3qRjnMzGhrW6pnOc5EkzPN+FyAAAAAAAAAAAAAAAAAAAAAAfrPsbaC3TW+mkTOFVi6VUmEmSM5nP8x8QAAAAAAAAAAAAAAAAAAAAAAer9t01daoW9N6VMceujLU1bMSZSSWTE5eD8YAAAAAAAAAAAAAAAAAAAAAAGv3zet7ql3rS2sMy3jrbps5zOc3BGMcuH4/ygAAAAAAAAAAAAAAAAAAAAAA/oNzreulq3e6arlrKGpOtrMxiMSJjnw/N/HAAAAAAAAAAAAAAAAAAAAAAA/f8Ablne+m9NXW7VpISVdokxhnEznOOXxPzoAAAAAAAAAAAAAAAAAAAAAAD956ufOb3vppvW9LpElyujUzmaxMZznGeeL+T+aAAAAAAAAAAAAAAAAAAAAAAA/d+zHPDe+mta1re2aznVS0SzLOc8855znvf4zwAAAAAAAAAAAAAAAAAAAAAAAP3fu585hem9b1vptw6zKayttiYM4xnOMY6a1+K8QAAAAAAAAAAAAAAAAAAAAAAD959DnyziSdOmr06dbhnOpc6tTMubznPOZy59t3X4XzgAAAAAAAAAAAAAAAAAAAAAAP330MY54xmR11jt31DGiTaYurnnM4zz5t9N3f4DkAAAAAAAAAAAAAAAAAAAAAAA/oPukxy5455mZz36em8dMrvEtk1bnExz5R1303q/z/kAAAAAAAAAAAAAAAAAAAAAAB+2+/hnHPnx5znnGc9d55a78fTuMuvK2658eWNunffTer+b/NgAAAAAAAAAAAAAAAAAAAAAA+5/Vfi5kzz5cuWM8+eM5l54a9Nzw9W98tTfPhno107deu+mn1/5z8MAAAAAAAAAAAAAAAAAAAAAAa/svb5JcY58uOOfLljljOeOc61jpx9HSRGumrrr36deu96nr9X8l84AAAAAAAAAAAAAAAAAAAAAB+x/p/wvFrSYxz48+fLly4548+WczFuTV3vfTpvW+/fp16b2nm/SfI/lgAAAAAAAAAAAAAAAAAAAAAB/YP0P5TParnPPly58+XPlw5cuGMTIN63rp031317devbe6x8f7n6T+QfHAAAAAAAAAAAAAAAAAAAAAA+n/a9fkvN790zjnzxx588cvNy48OWcmbrXTe+vTprt369e2umrnn8r7H6v+e/hAAAAAAAAAAAAAAAAAAAAAAP6L+63+d/LfoO2iZzz5c+fPPLl5+HLhz5Qa6dd9em9de/Xt26a3pjl8H9R+o/N/wAhAAAAAAAAAAAAAAAAAAAAAB2/t3s68/wfu9eyTOOfLnzxzxz4cefHlyzdb7dNb1vp369e/TrbZjj+V/oX2/P/ABX5wAAAAAAAAAAAAAAAAAAAAAfu/wCi61r5v5f6eyyY58uOMYxjHLlOPLFuumtXXXt16duvXVtzjzfk/wCsenh+G/ngAAAAAAAAAAAAAAAAAAAAA6/2736vR8X5foqs4xy58sZxjEznnjEjerd9enTt17atJz+fP6Bjl4f4nzAAAAAAAAAAAAAAAAAAAAAP2P8AUN7tuPheXrRjHPnz54znEiYzzg1vW+nXr26XRMcfm/uvXzxP5h+PAAAAAAAAAAAAAAAAAAAAAb/tP1+mqt5fD8/QZxjnzxjDOIzmYita1vp17dN2s55+b9X9HGMY+R/FgAAAAAAAAAAAAAAAAAAAAH7X+mdelBz+Dz6VjOefLPOTOcZzEVdXWu3TfTdTOOH1f0N55znP8a+GAAAAAAAAAAAAAAAAAAAADX9s+t03oi3j+fujlMc+czmZzjOTVtXW+ue3Wjnny/su7Ekx+O/loAAAAAAAAAAAAAAAAAAAAP3H9M3vdqQcPhtM8888STMzjCW1pb06b3bmXl5/v/YyiTPL+K/IAAAAAAAAAAAAAAAAAAAAD+4/V3vWgks4fC0ZzyzmWZzjGV0pret9Qy4/X+3mQTPP8t/JAAAAAAAAAAAAAAAAAAAAB7v7xu73VJMp5/kZMZzhlJMZUWt73sZZ+v8AVSQTPPP8D4AAAAAAAAAAAAAAAAAAAB9X9V9Tv7v0Vu9WiJMuPyeUzJMxMzISaXpreokfb9wzC5zl8j4vxvzvwwAAAAAAAAAAAAAAAAAAfU/f/sV1d6utWkJBx+Hk55SRmEJbrWuiJfu+hpIExGbrH5/8H+X5gAAAAAAAAAAAAAAAAA19L9f/AEHvtd8rbq1bIEjzfG57xjMySBI1vW6sv3PVmgkSM7sxzx5fy35D86AAAAAAAAAAAAAAAAB9v9X937Pu612TPDpbatCVmTPL4/BjMkQQzdb3rS6+53mWliETO9WcuUT8t/M/nAAAAAAAAAAAAAAAAH6X+gfou29kb0x5uurVVSwmczl8nwGZBZmS61vd1vt9raSqIhJeiTnlHH5vh+V8n5HyPGAAAAAAAAAAAAAAdPr/AG/sfW+h9jrapGtseW97RpSiYmJj5P5f0e6ZthmGt71rp6fsaiNVKgTnvpCQsmZM8/l/l/zP5zIAAAAAAAAAAAAC/e/V/sPV16dLYtpGtXPl4+y7FUWGJMZz+f8An9rCAa3vd+j9HYmlCBnG+hCRbjMiMfK/DfkPEAAAAAAAAAAAAPT+r/efW673aC22Grc+bx/Q1sVQGMpnGfi+DUyRRvfTX1PbdCrQipOXXaVERXOGZmcPx/4b4oAAAAAAAAAAAfT/AFX6r7vfraVRVottz5/J39GtBQskkmcyfF+fEsltvTd+t9DDWoooWsc701RIZJJmJMyY/P8A4X8vzAAAAAAAAAANfc/SfZ+t9rpqlUpQ0LacfHn3dLYAETMi5/P+KxldW9N/Z9UNFqKq6jPn7b0SwkkjJYkymfn/AI/8t8HmAAAAAAAAAPtfrv1/0um9WwtClCqq1z8vm9XrogoZkSk5fmuAtutb+565lbKqLbVucce+qAiQkZRcyTMni/O/kvy3IAAAAAAAA7fo/wBD+n+t16apVFoUALbpnh48fU1SAJLM2pmeb4HntNuv3vTYyoUttqTzdOtoBEEkli5ykmc58n5X8B8oAAAAAAAPT+6/b+7pvdCrSqKARLbox5/nfU9FEQGRqSTGfH8Tjq3ff7PfVkoKaW0mPN6daBSEEiIEmZJnOeP4P8B5wAAAAAAL+5/oX0Omi0LVFUpYCSS60mPFx+vrSRBEakiZx838R+l83zuE9X1fuevSkKLa1pl5ddrSgQgiEgGc5mcY+b/Kvz4AAAAAAfS/p/6vVultI1aFFUASZkquXzPp+xUhIVCYzj83+I78oZXX9E+xbZEVat1qZz4/XtQAIQhCSwjOc4xz/EfzfiAAAAABv+gf0TrV0t1pUl1SgUoESTOZnPDj9nWqyiILJjz/AIb8z21kkWb/AKH9rSAttt0Tyz0W0FIIQIglygmcc8fE/lHyQAAAAA+n/Vf0TWrataugLaAKAEZzzxy8fs+jrSSICZz4v578vqyygTh/RvvdN5RdW22szwevelUAgiBKiQiCY58vJ/JPzoAAAAB9f+y+3V3paNLq0CqAApAkxz4+D7Xa1MgTGPl/zrCTKQsL5v2n7LW5C601Uebn6NaVQEsICBCJEQzjl5f5J+aAAAAA+r/ZvdrW9UotulooKSkKAEmMebl9XWklQzMfE/nWrlMxEsLfH+5/ZWyrq20ng79NVVAIgAIhESQjnx8X8b+OAAAAH0f7J9Pe7u1auV1atAFKhKACTHL5/s910Eyxj438066kSSAizPyf6d+p1uaauhfP5vVrVVUAgAQIhEkRJz4/L/jXgAAAAL/Z/v73vV1VWzM1q1aSgKShAsJJjzfO+701bMpjHxf5L7+0ImViIJ4/k/2v7V21boPlevrdKLAQWwgQIRkkZZ5+f4P8c5gAAAP6F/RrvpbrVWhM6ttoAKCiAhJnn4+X2dbkyxn5X8P930egQRGYp5vmeb+9+zppdUeXj6d20pABUIAQkIkkTHLz/iP5mAAAB9f+2enPXVXelKJm6tUUIooBAyZxy+X9T31nLPm/ivzPX7O1pckuUFcvnfP+9/aN71dWp8n2dNWqoQCkIKghCIzIznz8P4/+eAAAB/Wf2Hbn2tN6pS2TLV0KACgQIhMY83g/Q9EnPn+T/kfp7e3roIsszDUcvF4+H7/+l66W2Xyef171VFSwKBAEICSGZJnn5fnfxTgAAAP0f9i9SbzvedbtTRUmbdUopBQAREMZ5+Dh+h1c5+P/AB/jy6+vpoINZzRbz8nq+/8AG/a/s51VPl+nru0tAABAsEipIJJmTPn5fgv5yAAAa/tP3+8bxOya3VKGY1atBKAAJEM5xw+Z6ft2eD8B0+h+O+X6Ol0TMa0Shnh+7+p8f5v639FdL5/F7Nb0LQAFIhSIixCEmJMc+HL+JfNAAAfrP616emNWY6bl1pSqZZtt0LAAASIJjOPL8z6v0uP4jP1+3yv5+722ZyW2gvL6X7j0cvl/O/T/AKFp8rv33dFUALCkiiQLlBDOcvJvnn81/HwAAH9p+/6tY1Wc941bSqJI1bSwAWAiIJMZ5+Lwfa+J8z6vqmPyX5jrtCFhaXD9p9rd5fI8P6v7eMfP9vTV0VQWCgICZWpIESZvn59efOfx780AAD9B/Ze3o1jRMd0u1VQSGlqwLKhUJCBmYxy+f5s9/RZjxfg/NVWFgpM/Y/ZejWnD5Xl/Ye3wvRvWrRQoACAkUmSkiR49758p8L+L5AAHp/tn0+/TWNDn16ZttKUJFtUWUCUhCQSYznh4d+nOc55/lfzFzrSFJVy1+0+x03qPP4u30c+vrrdtlUtgACBIVJJaQjHl6XPGY/l34sAAf0D+j7761mjN7RbaWUCGlWBQCCIRJMzPJc8Zjn4fwfnUpKLJPqftfR03pGPNfb6emtW0VbUQAJUiKTMtWQPPy1p53P538NyAAf2P9PvrqyiY9MltoUBFWlAAQSERLOczM45Y58vyX53SC5srVz0/Y/a301bN74Y9XbWt1Ra1USUhYlSSiZi2pA8ku3DOL/J/yAADp/e/bvd1Cpj0WLaFCki6FAARZEskpMZzMufHly+b+H5+XGeOd71tdXH6X9j31u2666k3001aUttEgIIILJgtqJWfHbtxnHXyf4fAAP1X9h6tXUsGOvQVVihSFqgABqZhIqTOMyTGOOOH4n876NLppqU93636O7q3XXa6utNVQrVioRAggSZNUIc/JrW3Cc7P5N+RAA/sf6vrmtywZ12sWqihRFVQAKtYyRTMznOGc4xz5fA/N+fItlsr9V+g75tuum9W61bdUC21NEkRURBZnJbUUnLyb3pxnI/Nfx0AH2/7F6fYXUBmemihUKoirQApbXOQaZkznGZnOM8+P5r4HGAUmP2P6PpnLW+urdbtt2uVS20okgRCDMkttAzx8+t7cZymc/xP5AAf0r9lPp9GrAmcevQUpBVAtAFNUZxK0STOeec5znOeH5D4/OSS2aTE/V/q95y316W61q23WkgW0oSQiAkzIt0SjPn463txzzXX4P8AmAAf2H9Lw7+y2wJnn69haEFUFKAtWhOcuxJMznjOc5znl+F+diZi0uZfp/v95zvp03dXWlurokLWgIIkQMzMjWqRUz5ue97nDnbN8f4N4QB/Y/03Ll9DrWSszHp6WFoIFVQoUtoExN1ESZxzzM5xjl/O/NnIKZ01/Se8b7b1q3Vtu6pmK0pYCSRFkmcpdWgTHlz11p58zWd5/nv82AH9i/Tcufq9dZmiZx37WKUEFUFUpdTRAyqCJM8sTOcY8f8APOeYy1m1NJ+2+2vbe9XVtt3qrCQtqywUzmCTOcy3VoJMeV01ucMNZs8P8G5gH9f/AFPHN9/XOWqYx19FSlAgqqFK1bm2AIRCSc+ec5zz+V+Dc0iwNn3f2rXTetW6trpasWSLoqChmSRnGRdWkGefl101ucuVsZn8a/NgH9W/ZcsY93pzi60Zxr06SlAgWqKW21AAiCRMzlzYxz+B+PxLiS50jvJ6v6S101rTVtt3ooSKtIVRmZkmcSLdWoGOfl6dNazz5aSSfgP5qAf0n+gcuU7e3pxb0ZzPXVFAIUqqrVWAASISMzHLOMY/LfmcRglYX0q/ovq3vd1bpbd2qCRqiKUiZzM5xC3VqCY5+brvVy8+0kn5/wDioB+3/qXPz6e70ZxdWTPP2bKKEqFWirqliwBBESMzOOeMc/xfxM4SWSYa36K/X/f3vWtW6XV2qgM3QSqJGZjOMi6tqCc+fm7b21jz6SScP4FxAfq/67jzanr9XTGbUzz9fQUUCFKttaFgQEpISMyY58+fP8F82YjMWc5d+nrfs/sd9Na1bpdXdKKQKCkSSc8Zkq6tsEc+PHtvXRw46SST+NfmwH7D+q68lvT3dtcZpMY9PVSlAhVVq1QBACQMsyZ58scv515cyZlZuMTXX1b7f0Pp01d23S70pShCgLJJM4zhFurbCM44Y7dd7x5uekZT8F/MgH7P+m9/G6T2+nrz5asxOva0oFEVVt0UBLAEQMsyZzxxx/mvPOcyEZkdOnp1+5+l03datt1rVFFEoCVEmc4xIXVtsRnOODt33OXHlokT4/8ADQPR/XvpfQ8WO+fV6e2+OaznXo1RRQRTS2qoBAIQMyTMzx5+P+dYwziFgXXo6/qf0PXWtaa03qqUAoDNJJnGcQW6tJGc58vXr6NY5ceW6ykz/Cfmg3/R/ufofJy7unp9HWchmd92gpQFtqloEsAiCJJMzHPl8n8JjEzMS6Gh07/b/Ydd61brV3bRVgKBlUkmcZwF1bUZZzny9fTu5xx56Ikn8m/Hg9H7D2ftt+f0anr7dunLJOffraCqlC1aotBLAEgiTMmc8uXwfxnPMyyDVR06/Q/e9d7urq63apQLCkZpEznGchdaVJMzOfP33m9M8caEkfgv5kD9Z+g8X6P7nm79Menv07XhK5d97qigpaVVFAAEgkkkzMc+P5v8lzzJEzqK1l06dv6R36XWrq72pVBQGc6IkzjOYF1oM5ZzOHfnwnq6cc6Iknyv4WD6f1uv6r9R5enbHfv06defM4+je9FKBbQqlUABCCSSTOZy4/k/zOc5ymS2Wmuu/wB/9LprWrrW7aVQUDCoSTOMyBdWpJlnOc3lzdu/LOhEzP4V8wfd/qns/Fe79X5dd879PTfXXHM4ejfTSqqoXQKoaCUICQTMjOc8+P4v4nPOcEzrJob31/Z/d661rV3q20UCxUQhJnOMoFqpImZzuOR27cs6ITL+Xfhx+5/ol/n/AO593jnc9XTe+meDlvtvWlWgXQFUUKEAkJJMszPPh+D+ViZmUGdWW711/S/q+uta1rWtLRQAEQkkznMIKIkZnNyyvfrymohJPy/8eH9H/ba/Af0TXl5d9Y9XTpvWuOOb0a3q1VBbUVRSgAghEkzJnPPj/OfJnOcpFyDXTevt/tuut3W9attChUCIRMsyZEQiETHOcq126c5SEZ8/8Ay1/RP2+vxP7zXm83o3z9PbprVefGfRverpVBVLKopSKCCESZkznPLh/NuOZJmMaxZuNa119/8AQeu9a1vV1dAoAghJJJEQykkQTHLGNXXo1zlsQmZ/D/jvX4/239C/m39X35/H6OnP0dt71bx5Z771vVttEFUVRQCpYESJmTOccvH/ADnnnLGbDNti63vr/TO29a3rV1dAUCCCZSJCIjMmYEz5+bbr3vOaQSZz/NvwL9V875f9D/U/T6cfF26Z69um9aueHLr11rd1dWzKFopoFAAQSJmTOccvnfgeOMyQxrBaut76f0f19Na3vVttCglgiMkyQQkmZmJZMeXGuk7d3NohJM/m/wCNv6vj8n83+t/T6c/D06Nd+m7uzn5O/Tet3WtUmRSiloAAIJJmSZzx+V+AmczKRIWW63rf9A+p01rrq2tUAAhIySEEImZnMGefidd59Hac7aRJJy/gfn/oP675H8y/oP7frjxOtvfpu61M+H0b6a1rWtaJIlpRSgKiiEqSZjMxx+F+IxJmREzRbd9NfuPudN6621dUCwIQkkISAiSZzImeHi6drPV0zi6BJmT+R/k/2X0/3H8j+v8A0zpjx47anp6a1az5706XervWqZkKKqVQAoQXKZZmc8/zf4/nliQzck0m963+y/R9N76W2raAEIiSEEQJEjEkmfL5+u19W84uixJMz8R/Lv2Xo+pPmf0rpny+f0az6emt1mY59tbuta3rSzOZVRaUCUoqAjMkmc8vyn5TEwiVMzRLem9frP1PTfTdtXQBYsiCSISwiQkJmTOfDjrZ29GsZuikzMz5P8N/acvn/oun9A3PN5PRvHo7a3Zljl3b1rV1vV0xmFJaWwEWqEsImWZnPL8f+axmMSWBnRq9N/qP1vXfTdq20ACQSJCAYkgVGcc/n7p6e1znS0TMmc/xD9L4PJ7Pq/0HrPP4vRvn3771ZJjl6GtXV1vWtJjMtDSVUSxooEWRnMmc8PxfwueGckIprO701+l/Ydd9NaaLVSiVEhEiIqMYxlWm1kxw+f1Hr7XGdWlkkzM/G5/z/wA31frfuek4eLtvO/T00jGeXo01dW71vWpjGWqk1QWBSygliZkxnPH8H8rEznKUyot3vX6L9n13vduilACRCSEgmefLnlrWm9VOfDw9o16+0xNVVZkmZz+V/Mp+m8v9J24+HfXN9XXRnGeXo3NW6t1ve7nnnOtJnVXNoJVABGZnOM8f5786TOZCyVNGrvp9z9x06b1dUq1KIJCIkSDGOXLni6tb1rTl5eHRO3r6TGd2lSZmZn4Pn/Bfv/zn9H6Tl4nVj2ddmc449utVrVut7tzzzN1luWKBZoRSCZjGMcv5148TGZRMTV0uta39v9z03vWqtqikSpEhIkiTOOXPGc5i71vbPjzu49fo6ZxN20SZkmfjeXv7vwn9J6Tl4+fdz9fboZxjlv0aza1brWtauOcdZmampKE0miKsWJJM558f5nyznOSy4Ea1u66fY/ddN71q2rVAISQkiSRM4xjHLGYrV3p4ta1j2995xN20MzMk+H4v0WP5t/Uuk5eXz+m8fX23qYxjE9WxbbdWujDGjPTFuNBu89WLjDsWJJM5x5v5pjGcIq5kNXWta39T9706b1q2loogZSJIkkZznOccs1JmW714umk93a5zN3QMyTOfj+P9Bw/l39c6OPn8np1x7+rWpy5s49m9Zlta1ZXXGOOOfzfNvXxPk/UfJ9X1OHr8j6PHz+X0fC+T6f7H6yJJmZz4P53yc8IpmaWXWtbv1P3vTpvWrqlUCCJCZiJMzMkxnoxnOcxdeTpT3dbnDeqVJJmZ+d4/ufjfnf0Lo58PF6dc77d3PHBj2b1mWlvj+F6Po+b5X0u/HXo7cfP7sfH18rw/svmev7X5j9Bj8z5f6F2x/Pv1n1FMySZx8z8Fy55mFi4pdTWta17/AOg9Om9bulUKQGYZSRJJnMSb6sc8YzJHm6M9Pb1Yy3qqRM5zPHn3fzL9B+q6scfD23nPt63HHKY9m9XCtL8l9Pp5fl/qPN+F/NT+zfyHH9r+L/Gv2Ph8nb8//b+v+dv7Jw/Da/U/0jP4H633gkkmM/H/AAnPE5pFIuqtvTXv/oO99NXeqVQJS5yiSRJnMkhvYzjOMZxw25ev1bYzemiiTMznwerj/LP6d7O7HDx76Z5+3vcccyc/b0tkLrXg9v0HwPw39T6/E+L+b/p/87+N/Z/y/wDG/wCi/S/M/wA6/q39N/l3wvT+g/mHs/sH6mfyb959C1GUznHxvwnNzkhLDRbu3fv/AKB0311q60VUoitzMSTMTEmZkat0SYxz82NOXu77mc3erQkzM58n0Pwvf9Te7HLxzrOXt76zx5py9fdWVur5PZ78/jfzv773/gf1H5v6/wCD93775nn/AHH4X89978p/Vv4x+k/Jfsfb/Of7x9Pl/HP6b7lskkmMfE/EZxnOLgstLpOl37/6D0311q6tLQlhrWM1c5JnnGc5iq1tEzj5805+/tqYmt21YkzMTPH+Vf1Trrqxz8vHvOPq9W5y4xy9HpojVvk9nv5/he/l8vl/U+38N+/+F5fT9/63yvH9L53i+f8ArfyOv0fzPV9Sfxr+s/R1SSTOefwfxvLOc5iXXOra2vTfq/ofXXbWtW0UAbmJHTlmN8ouMZlC63DOPkdNs+7tc5mt6pYkzMzH8x/YfoMb3M8+Hl7uPf19Jjhlz6+ulFeb3ejh870cdzhjny6XLm568/yfkeP79+t6+HzunL9v3tkkkmef5v8AI4xM4qSxS6t1rXq/ovTfa6utUoCFqRcMzOZWM5BF6WTPl+f16Tfr6s5a3pVSTMzPzX5b+j9sdNTOOPj7uevdtnhzZ17RpGnDz8cc+2+mb6p24HpbxbwU3ntxrvsSSTOef5j8rjGcxBk1dF3q+n+jdd9daurS1AIVKwkxIkxlQjW5nHzMa6u3p6SZt3bQkmZP5J/Q/qXPXUxjl4+msZ+h0Tjxk17KWw1jz+3Wd6k6XeJGi5zkaJqLakkkzjn+T/M5mcRJYmlq61q9/wCj9enXWrbatQIRvIxGcyWYyUSVtz8vzt67Z9ffSRd6Wokkmfwf7jTHXUzjn47vHP6HWzlww366W2N7h0mZvejWc2tTEytbysKiZkzjj+Q+BzzM5JLmxq23W9d/6L2303rTVqgESbQzLzzJc5kWwaWcPkdOfTrPZ21IXemkJGZnyetnPTUznn5efXPH6Haznx5Z6+rRWk1pds5vXWlTKqxItagBGZM48/4z4mM4kIRGmm7enf8AonfXTpq6ui2ASZdec3nMvORcZyW23Wjn8jz9uPTpr2dbIXduhJGZOfVjPS5mcefz9s8Pb6rMcuPPr67VWrdaSXW7qiQMsqtioBJJjzfiPjYxM5upGLLbbq611/o/fe+mtXVqgJMnWQzMYZXEyW61rW2fF+d+lPN0339fS5F6LoiMyTHZzx0uZnPHydXHt7tTPPl5+vrtq0utWGtaurTKEiSlAsGZJjh+D+TnOGVyIG7d3e/6N6db6butUoUyzNb5tYl55isMxpverZy+FPVy8nXXs9OyGt1aSJMs9Lz59WZnPPx7c30tzOMed7LqrRrZNa0utaSSWIkGoCKmYznz/gPn8+eSImbaprW+m/6L6N73vWraoCTDXSJmOeczVzmRd71Tnw+F7uvm8fTt7e+yGtatESTLPW556ZmZz8udY5/T6pjHLl6t22qt0XWlutaSQZRBQgJJJnh/OvFnMzMpIt0NW9L1/ono303vWrapKJnJrNZjKZ1JmRrW9GOHP5nr35PF19Hu7aIa1q0RJMs9awzMyY8/Dpnz/U7amMcuPp3q2rVta1S71pIgzqSJYWAmYzjl/N/NjOcxmpKtNW631/ono3vfS6uqBYSLZGEjMYsia6aJx5cvH63j+f2+h6uuiGtatISTLHXTOcyM54eXpPN9H1XPDix6d61atNNW01reiIiakyAQJnLM4fzXnzxMpJGbbbNN3XX+i+nW99Ld2hKJnM0WZQmWEJvpqTPLj5+foni+X7Pp+jpohrWrSEkkzrTKSSY5eTc4en3vm+F6unq3vVW0t1dJNdN6IhBEkohLJMs54/zPHPMkkJFNW6011/ovfe971q6WoDOMtWXOYCYhLvojn5/Hz6ejHh+T9P6fbehGtatISSTNtiSSZ5+NeT6fDy8+PD0fT671aKt3bmTXXpqkiLCSAQSSZmOH8155xiRTKK0t1rXT+i+je9dNattBNTGcXVzcIgmZDWg8Pj9HTO+fzfl/d9vbdIutW0iIywtskiZ5+fjrnx+peHLn5fL9zv0uqot1UzL269KiCCSAhCZkznyfzfGZnMkWZqmrdavT+jeje9dNXVpULeec2jCM6MTMl6JDhdcuesfG8X6P0dtUGrq1BEkwtskiZxy8m8+T6ffjy58fJ7PodNaUK0ZHbr02iIqIhCWGWZmY8P8AOWc4zIIiXpNrrfX+iend301dLVQXmt1ZJMyLnGMJdik5cePbl8J9/t11QaurSESTJazJGc8/HrPm9Xtzx5cfN0+pverUFEW779dWIBEiCWJJJmY+Z/PpnOJlEjUsurtrXX+jd+mr11bboJGJV1rJMzMUzlLlm258/l+b9jh+d+17+3TVBrWqQRJIWzMiTPPy5cJ9PXLjw83L7XTerQIi61rt02qSgjJEpGWZM4+Z/PWJnOGVhVul1d9P6P36XfTWrWlTLCGrUTMxJSSGUurjz/B+T+nz+e/TenrvVsG7pSESShMyJJjz+ffHz/V6548PJ5vt9N62VLJlq63rp01qoAMpEVIzJnOPmfz688sYQhbVW713/onfrd9NXVapM5md4tokZznKokZN6c+H53j9jn8/7vfpvVqGrtSESS1lMoyY4+TfLy/Q9V58fH5Pp+npq6SwSa1rpu71qhYsJJELImGc8/mfgc4xCYM6BrTbXo/oXfprfTW6uqkzJLFCSTEyDMg66zz8/wCX9X0vJfp9t71ai3WioJEWSRJCY5+O58+vodJjzeP0+ve9FAXWumtXWqoWWEzECMyZxn5H4OZmcpF5irbdW9/6H36b103daukZkyCkkmMswTOVb6s8+P5X6Pt8Pu9PTpvdIt1dCCRlYkSQmceXm4+f6XeuPlx79b1QVV1rW9XWqqWaIiSQRJGMc/i/iGcZS5SM0q63den9/wBumt9N61ppJEkARnGcWZXMmVdO2c44/nvodfJ9Dvve9aRNXbUpBMwJEkJnPDza5eT2evdzw83t3rVoK1bretXV0UlqDMkESSZxy+J+IjOWSzMNTRd3Xf8AoXbe9dOl1qiSTDaBJnHPK8qhhZ33wrj8b2Tl9Drve9aSW3a0QkSWIkkJM8vJrHlfQ6aY8nftq2irbbvWrrVtoKiVmSEjMZxy+D+NYYkSSFLbdXfp/f8AXprfXpbbUZkTSFkzjHz/AM19v63Cc501JjefzHh8n6r7HyvV5u3s6b3vdiNa1QERBJEkskzjy5cPN9Dtuzz59O7oVV1bd6urdLRSWIzJBmSZzy/P/jsySTMEJqdJrbfq/fdumtdt21pGZGdoGcY8X8f+j+f9v0O3D6/2nXE8n4L856Ptf0r7Xg7eT3+npre9iNa0oEJlUTKEkmOPnvPx+v09K5+b1dNWlq2rrW7q6NUUiWSSQkkmc8fzn5LEykkIqW1pu+v9936a311dLpJlmXciExjxf54/QeDnw5eTv2fX+t4vPx4OX9Y+55Ly+h6N71vWojWtULCJJYSSIjOefluPNn3ddM+P09d6tTVq1rW9W6VaAGcxCSSZzy/Lfl8ZmVkiErVumr7P3nfprp11dLpMzJakiZnPx/52+nLcTOM9Tsjz/wBW+/4+Xf2d963vVI3q0qCIzUiSEjOc+fGeXk9/baeTXq3u0XVpdb1dWtCqgjOURJMzPD8p+aziQkiFWrq3fr/eduuunXV0tSZzNLZmSZzn5H8A+jvTLGTo0mfL/Vf0fi4fQ9Pbet71Ul3rQpCEzYkkJEkxy4Xn4vT6t3Pnx7OmrbVtU1vd1atKqBMyQkmWccvyP57nliMzWCtFt1vfq/edem+nXV0aZmZG7JmSZ5vzX8S990Ontx5+eKZ5/wBZ+x8t9Pt16a3rdSa3qioETJEkhEkzjy3Pn5+3rZx4ezrrVW1dJdb3dWqpVgZkiSSZZzx/IfBxjMmEAXTTW77P3ffe+nTWrWpJIzrTOMxjnn4H8R+hrEn2J8ue/wCn+fRj9V+/9H5/6Xs69d73rdSb1qioETKJIhEkmfPzvLyezvqceHq7btuqqk6b3dWzQaUQzmJJJlnPD8Z8SYZkmUFstq9N+r9716b6dbq1WYLmpnnJjln4v8U9ebPX6/130/L4fmeD4aP1v7/r+X+96OnXW+m9WS71aKggxESQQmWeXDXPyb9e3Hz+rt0tultE3ve7TSlURJJJGcyTPD8X8SRmSZMhbpdbez9526b6dNW6EhIpnnlOXL87/G/dLfb/AEH147+Xv+K/NYZ+7/XvnfF+z36dd63vdk1u2qIQT//EABkBAQEBAQEBAAAAAAAAAAAAAAABAgMEBf/aAAgBAhAAAAD5IAAAAAAAAAAAAAAAAAAAAAAAAAAAAAAAAAAAAAAAAAAAAAAAAAAAAAAAAAAAAAAAAAAAAAAAAAAAAAAAAAAAAAAAAAAAAAAAAAAAAAAAAAAAAAAAAAAAAAAAAAAAAAAAAAAAAAAAAAAAAAAAAAAAGt3WNZxEAAAAAAAAAAAAANde/TVQzOPDmAAAAAAAAAAAADr6Oui2VCTn5uUAAAAAAAAAAAAvr9FsKgsWTh5MgAAAAAAAAAAA9XqooAEcvDkAAAAAAAAAAAPodKUAAZ5eLIAAAAAAAAAADXT222FEoJUnDxwAAAAAAAAAAN9/RoVAg1SKy8vlAAAAAAAAAAHT2brPOWkCS61q1ZJ4uIAAAAAAAAADfu3JnhiKSrZDWt73oY8GAAAAAAAAAAX3dUx5+cJAqxVuunXoXh4oAAAAAAAAAHf2k83GQkAsNWrrt2p4eIAAAAAAAAAe7scfNmQSUsBpa127acPEAAAAAAAAAH0OrPj5shBVMlpbe/e4+fAAAAAAAAAB7PQ4ebKLAKEAur6O+fnQAAAAAAAAAej1483ORZFoVCEsurv1vnQAAAAAAAAAd/Tz88kEVRUIQbX1dPn5AAAAAAAAAHfvy5SQS0UEIlW3v28GQAAAAAAAAB6N8sJJUWgEIFuuvfxYAAAAAAAAAHfXPBCVagCBF1enbyYAAAAAAAAAHdiQiqslihKkW3XXz4AAAAAAAAAHeZkUq1mCiiIXW+OAAAAAAAAAB2ZS26KzlClrQZyuuOQAAAAAAAAB0sTfXdVM88ZgvTpq1E5815ZAAAAAAAAAG9Q69RaZ5coL260mbZxjjAAAAAAAAABrcXpcwkpzpLuyWmtTOeIAAAAAAAAAXpJrUl1qYzJAq6urnLWpjkAAAAAAAAAF2lN9+unDhzmWsrrXTvtz44VnkAAAAAAAAADpEa79Om3Lhyxzuou99u+pxzy5tZ5gAAAAAAAACXcS63rfRyxjlKHTe+u8csZzNzmAAAAAAAAAU0ytLoYwssa3bczKTbmlAAAAAAAACbSpakXVmJbCNbkik0xZAAAAAAAAAWllXC2ySNCS2ootzJAAAAAAAAADVFhEJaJLUWo1MwAAAAAAAABa1IS0yi2kiVSF1MwAAAAAAAABqWki0klWbmTNq1JdzMQAAAAAAAAGs21EUkoBBpUXUzLkAAAAAAAAFLplFRLN+nlydennzFUurjNkAAAAAAAAA0qyIQq6CRmVaumYyAAAAAAAAAt0SIZLdFIzlVttZZgAAAAAAAAA1pIiRbaoSZi1q25xAAAAAAAAAANoTJrVSUpMyrbc5gAAAAAAAAADVzUi7JBVtmBbecAAAAAAAAAANazKl3pChWsYzS3kAAAAAAAAAALuQL12VLBnnhVOYAAAAAAAAAAbsRGt7LZCYxLVucAAAAAAAAAABrSRDdKimM2lvOAAAAAAAAAABd2RIurViM5WrXIAAAAAAAAAADdQhbaSJKLc4AAAAAAAAAAAu0lIaokSytTEAAAAAAAAAAAdLJKhalyUq4yAAAAAAAAAAAb0kJFUktW3GAAAAAAAAAAABu25iS1ZZKtrnkAAAAAAAAAAAat0JJSxLdXMxkAAAAAAAAAAA1Y1bqxkDRMyYAAAAAAAAAAAPZ58y7XTVgklmcu/LkAAAAAAAAAAB29XjwauqtQhJmXt38EAAAAAAAAAAB7d+LMW6ttlgmZF6+vxcQAAAAAAAAAA39F4uMltulqEkkO3u4eEAAAAAAAAAAPZ6nPw8yltFSSJfT7c/MyAAAAAAAAAAa+ltOPiwWgpEh1+hp4vKAAAAAAAAAAev11Jx8eFFSiJb7u5z+bAAAAAAAAAAL9PRWeHjgKIi32ekPD5gAAAAAAAABfR310VLJx8eQog17PQsM8+HnyAAAAAAAAL16+jqQgOPjxSFhr29rULZnh5OYAAAAAAAb319W1GSCpz8WEFzd+7qVC1Exz58uMAAAAAANej0dNKCJBRMeLmCdfb0ANAQx5/NzAAAAAL069+uqAJcpYKY8GA6+3YBaAgnDzcYAAAAa69/RqgACQiheXhydvbQBoAJYmePDhAAABr1+nVAAAZALZy8933qKSrQABk5ePiAAA9Ht6AAQoDIBrrVZ4yBTQAAGU8vkgAAvu9GgBKIoCQF11tJc8JBVoAACRw8EAAX399AIoAAZFm+tAZ4xFaAABATz+GAAez16AAAALIlvaoKMcUpoAAEEqeTxgA6/ToAAAAWI6bqQozjA0AAAhC5+fxAD6PoBFAAACxXUhLbMYuDQAABEK5fNgB2+lQRQAAAqydNxBU5yueqABKAgJ4/IAv0O9AAAAAaka6ERbnmWAAAACWZ+XkDv8ARoAAAAADrZA1ygsAAIoAI8fjA9vsAAAAAANbBc8wAABKAJUz8vIX6uwAAAAAC9YLMZCwAlAAAJ4fKHo+hQAAAAADXSAxkAAAAAEmPmQen6AJQAAAADe0S2cgAAAAAQ+f5x6PogAAAAADe4i6nEAAAAAEs8/zx2+mAAAAAAOtkGrxgAAAAAgx8odfqAigAAAAOpA1jAAAAAAis/M5no+jYIoAAAADqQLOYAAAAAip4vIev3WBFlAAAAF6IFXiAAAACUlJw+ce71gRUUAEoAF6EFXlAAAAACUY+VOn07QhUUAAABehArnAAAAAhZRn53H0fRARSUAAABraArGQAAAAksaE8fj93rAQoAAAAa2hCpgAAACFkGg4fN9nq6RKktAAAABveSUJgAAACRqQaDHy79DsEFAEoAAG9QJanMAAACFyGgnz+Xt9MKyUoAAAB0qAHMAAACKyFonm59u9ghSgAAAHQAHMAAAkUszRaJnF6kXJbKAAAAdAlFzgAAAkCyUaBOd2JYWykgkatgjQHQAHMAAAhFgFoTm6olhbByxbKtbRZnpQuwEanMAAAlJLJRoE53oiEq2Wcmam5JvSpN0LslRZXMAAAAYmhoExuohKtic2FzoXWitAdAEpzAAAAGJoWgCM1DVJz5b1aULYoHQQKcwAACWKzloaACMiW0BQQoAuxChzAAAATMtsWgCJLJdLJoBAUAuwlCYAAAAYi0WgBJLI1RUVCywUC7BAYAAAAmDQaABJmk1SUUgCgNalAlclAAADOVotAElkMt6QCwlBQNaEBXJQAAAmZaFoJUIjM3qwJVglFA1oIspzAFBFixGZaGgARIk1aJZQAoDWkChzlAKWQqSVlQWgCIhG1SFAJaA1oCUvKUAogsCYtBoAJCEbVkVYAUDWghZXIoBYsAsznQLQBLkksXSCgAUDWglRXJQBSASY1NAtAEQko0goIWxQNrKBZzAFRefDepMHL13SC0ARBmjSFCWUoA3QAcwAF5+WEi9e7SCqARBJU1QBFUAN0AHMAA5+XOcLu9fRdRCqBCAzS0KRFKAN0SgcwADn5c8+E7db19NrJaA//8QAGwEBAQEAAwEBAAAAAAAAAAAAAAECAwQFBgf/2gAIAQMQAAAA/QQAAAAAAAAAAAAAAAAAAAAAAAAAAAAAAAAAAAAAAAAAAAAAAAAAAAAAAAAAAAAAAAAAAAAAAAAAAAAAAAAAAAAAAAAAAAAAAAAAAAAAAAAAAAAAAAAAAAAAAAAAAAAAAAAAAAAAAAAAAAAAAAAAAATh6vHwdnh5e3ybtAAAAAAAAAAAAAnW6PjdPEo3y+p63doAAAAAAAAAAAAz5vjdDjiLFG+57fqbAAAAAAAAAAAAx8x5WQiyiLfV+k5wAAAAAAAAAAAfNeLkJUAGu59Z2AAAAAAAAAAABn4vqwBCwFvo/Uc4AAAAAAAAAAE4Oh81xABKgpfU+p2AAAAAAAAAAHW8TyeKQFBZIWLr3foaAAAAAAAAAAef8vwRreplaRqyYzIG/qPVoAAAAAAAAAHU+R4F32N6IqZW1nGOPjkOx9d2wAAAAAAAAAZ+P6M1rs8umrYM2yEzOLh4oep9TyAAAAAAAAAB5Hy0t7XPautRCKlmczHD1419T6wAAAAAAAAAfJeWvN2+QmrbCShEmc9fgy9X6ugAAAAAAAAE+M6TXc56GrZGS2yQkxwdadn7bQAAAAAAAAA+V8l2O3uJbpMtTLVS5EznrcHJ9zsAAAAAAAAAeJ83rt82pFtZNMyquSpnh6mvutAAAAAAAAADxvnNdrkty1bGVuRaQM8fUn23MAAAAAAAAAPE8Dk7GqLRIqWLRDOerj7TnAAAAAAAAAHgeNy82rKUlBUVkM56/H9f2wAAAAAAAAB835vNu6IAukIItmc8PF9X3gAAAAAAAAB8z0ebS1MrDVslyLFsk4+L6fvgAAAAAAAAD5npcuqjMWS62zLJJoKYx9H6AAAAAAAAAA+c6O9STGFq71pJZjKZVvVzPpe4AAAAAAAAAPD8rZjh40jWuXm5KjPDw5mLprk5V+m7IAAAAAAAAA8rwts8XHLJK1z9jbMx1+LK3SOfe/qtgAAAAAAAADofPWYyuhpHLuWY41is4zrk7H1FAAAAAAAAAHT+bsy1ZjN5dW2whnEmrnDfb+mAAAAAAAAADr/MGdXj6/DLz9vkace7GOHrYcnNyZmu59KAAAAAAAAAnU53y+TV4OHry77fZnI4d8meOdPgzeXm5NR3fpAAAAAAAAAHnebObz4tmc8XFeXn5N3OW9cWeHh4+Tm1qzPc9vz76+gAAAAAAAB5fT4McRSmbbrTC6ucJlUrHJy67Xe7wAAAAAAAA83z+u441F1qzK1itW4lsYzZjk5ddjv+gAAAAAAAAPO87rJx3UapZqyZW3UyRnJnfJex63bAAAAAAAAHR8jOp1bqXUtWxMxrSwTEMc+9a9rsgAAAAAAADreByMdea1qQ1bJMprTUk0zLnj7PLJ7nZAAAAAAAAGPmuRw8LWtSGlklzNW1CSsY7PLnH0fKAAAAAAAAHzvFycPBNbqFqRqmTRIkznsc2NfR0AAAAAAAAPN8mb62brSlpOrz8jh4+yVJGcuxp3/XAAAAAAAABPnurePLWrasu2YzN3Komc5vM5ff5gAAAAAAAAOLwODGVuraRISapakzia5L7PogAAAAAAAAHH5Hn8edNaukmIRVatZmczXL63qAAAAAAAAAA4fmuKrrVZzG7FnHLyVM5Tvez2QAAAAAAAAAHz3Q0XSYmuXksMY4sa5amY+k7YAAAAAAAAAB5XitKzia5eSizHHwuTdkzr6rYAAAAAAAAAB1fm86qGbyclRpjiytJO19KAAAAAAAAAAJ8v19VVTe95zdzj487SI9b2QAAAAAAAAAA8XyapplvQucZumSPo+4AAAAAAAAAAHV+bxoWxApLZLJzfU0AAAAAAAAAAHz/nKWqQtREuZ7XrgAAAAAAAAAAdf5nFqVboSxJCc303IAAAAAAAAAABPluBpFt1VmYiJv3u+AAAAAAAAAAAfLdZbS2iEkZvqe6AAAAAAAAAAAPmOoltbVEazmRfY9kAAAAAAAAAAAfMdbJJrTUC5wXXs+uAAAAAAAAAAAcHzvFMmcy2lM1bfV9sAAAAAAAAAAA+SmpIzM5lFuqq8f0PpAAAAAAAAAAAeb8r3dmYzkCy6K4+L7XYAAAAAAAAAAPlPM7/JYzmQAtWzh6n1npgAAAAAAAAAB1/h89/saJnMVAWji6HrfVgAAAAAAAAAB814Dk9HlVMyWwhpU63Q5PuuYAAAAAAAAAA4Ph+Gufv8AJbmQqRV1HD5uL9J9AAAAAAAAAAAfN+Blbz+hskSotmrnPQ60dv7jQAAAAAAAAAGfg+FFvY726RJZdRrHR6kL9T7YAAAAAAAAAz43lcHSAvN6G7ASidDqwObvel7XKAAAAAAAAMdDo+P04FsLz9/ZYBjodeALy+n9B3AAAAAAAA6/U6Ph8GQpQOb0d1FlcXn8MAJbez2u53/R5AAAAAADh8bx+pnKBVoRXL6HLQcPnccCxIUq8vse52wAAAADHR6Xk9HjIAqrLAcvp8hHD52AEkAtVr0fb9LkAAAAOLoeT5XDIAAqgBz+lvM4OhksIRAFFvJ6Pr+toAAAcPz/AIvFIQKAGqgBz9qcXWgqIZAALV7n0/ogAAPG+b6+QQFAFosE4gvKqoiIAALWvd+k0AAM/KeRmAIAKC0DPEBeXQQyAAAW+p9byAAM/JeTkBFhYALNoJxSgt5aIkAAADXrfXUAD5v57IAgogAuhnjgoN7FmQAAAN+/9KADpfEYAAiiAUVZjMVSGt2xIAAABeT7D0gA+N8oABBQQUVHGUshvS1gAAAC13fttAHnfF5ARRBQQFC4ypWV5LGswAAABbfpPoAE+N8sASggoiyyo0zhQLyEQAAAAtnN91zAeZ8bigIUIUhQRVmJSk3akAAAAFL9D9IB8189mgIKIVFCWFGc1BrYgAAAAVLy/d8wY+D64AIUQWFEFExUHJUAAAABazb9N74eV8hgAIFIKBAomAN6IAAAAFsV2vudDx/ksgBLBSChAspnFpF5EAAAABbBfrvXHk/IZABApCgQFMZtGbywAAAAC2Sy+x9cOh8RAAIKhQECyuMtMzlAAAAAtgjs/e06Xw0LAIAUAgCuMqmdaAAASgFsEa+47p43yULAAgKAQCuNaEbAAAABaRF+m+gPnfmhUsAICgIBWFCGwAAAAW3NiX1fsT5LxKKIBAKAQWVhSwzyAABCgDVRIc33+up8PxhVkAgKAQKTKlRNgACFAFtIya+z9LyPkcVYtkAQAUJZRMqVE2AAIoAW1Ehfo/o/jvJmiLWQBACiFEzRUTVAAJQCihkX0ftfl/CzVkaSCUQsUAJWZSpYtAAAQqrKEg5PveD4/q0hbISygABKlZlFIaAASgiqKGQ19d3PD8GCWmQIKAASslAloASoolAtDIX2OxnwZSWohFIoAAMlAjcAAAUItEgXfZvQtCpACUAADKhYjcAAAUoWDINdjhxKsVkFFumIFrMBABG0AAAtEqwZBeXXWtWUkDn3iaiRlLKzAQAGkAAAtzaLBkF5HEqyjIc+brNzbcSCSAgAjcACgi1ItWDIHLxxaLGReaa1LCSYEkBABJyQAKCVSRdJUkBjdltimYOXm48yQSwIC5CoRtAAoRVJNUSQCKW0MwVACywAQURGyAFWJQsNEsZAiqtlMwAAsABmikG4QAtSUgapBkCLTSUzAABUAGaFgaIAVUlINWs2GQIqrqDKAAKIKiSgCbQAUIBbbJYkAiqaDKAAUQAkKBG4AAAFtJUkAi1VFzkAAqACRbAS7kApCoKVUomQIq0pc5sABSACSgEu4gWoSqhbFAmQJVU1nSYBUKlEAJFVAnIyCrAtkpFqLEgEpaUMyggKgASKCDkZAtgKDNupCswCU0KEy0ZBUAAkoCHJIBUF0It3xoCQALShMtIgWAAWZWUIciQFQcvZ481yWcvSzFiIALQomVsgWAALmAA5JAKheXt6Fk4evkqRABVFDBYAAAJAAbQDSDm7e+bu3q9XPB1osIgChS2EkAKIALgUgNoBqLHN3OTvdPPodDHB1ILJAH//xABFEAABAwEFBAgDBgQEBgMBAQABAAIRAwQQEiExBSAwQRMiMkBQUWFxM2CBFCNCUnCRYnKhsRU0Q9EkgpLB8PEGU+ElsP/aAAgBAQABPwH/AP1kI3YujdhR+lkKFIWILGEXiFjWL3QcZWMLpQsRUxqsYWMKR+lcKViRepWJDEtNVN0oKQsfkFqolSgsULGEHein9JcQWNF2SxSi69o81J0ARgKb5vlSpU3zNwcg79IJCxlTldKJUrLyWSkXTPPgzuZKfVSUCVKBKxELFdH6Ml4CJnmiW8liWIBYt/6qV9L59ODCgXBQsULEpQhYh+i5ICL51RKlEqVO5O7KlTuws1F+alSj73ZqbpU3B36KkwEXSeHO/N2fHBU3ZhByBn9EtAnunuU3zuzfKn13c1C+t4UoOH6I1Tkj3meDCjdlSgh+iFU9bwGeDKBQegZ/Q+p2yj3McUcILkgSE0z+h1TteBTwpXsgUDI/QnJYl0ic8yj4FlwwSgVmDl+g0LRF4TnKe4xeAoUa3gIsIQChQo4Eb4MXZKCmoIfoKXIlE8CFCi6L4UKFChBqwysCwyJRYYDuSw5JrFgg+ic0Et801nWhClKNJClOadSKLFCjeCPveI3c01xQfmg7OP0De7kLnFHeDSgEMuSgHkuiQpLoyujPkhTzXRnksBnRFnpCEHIro41Qp5Lo4jm0ro5hGk7tN+oWA5wg3rEjRFsDE0ZLC2o2QqZywuGuhTqR/p/ZMaMz+Y/1Rp9pYAGwntzGadSACNM8gixYVG5KxKd+V6hAoDL9AnuTRzRBKdko3IQBKFMptH0Qs5K+zwuihYF0SDAjRYdF0WfmhTldEF0DV0C6F7dFgmZXRkcgg3+GEaXOM1hEyBmm5ukAg8wsGctEHmEGYpcz6poImdEG82oscFgldHlmEKQhPpp1CdCnUnLAfJYCiEQQovy5jgtdCmdNfn8ImBKaMRlO8kAA2UZJUbjWSqdL0TaaDEGlYFhXRhdEPJYB5Loc9IXQroV0fmgz0WBYEaa6PyKwA6hdGUaa6Kc+aDDzMrohM8/NdGsBWFYEWrCi1YEWLo9U6mPJGgjROiwHyRYov+qndm5pTXfPznQFmUIa2UM809x0VNoALinFQG5lepTQXFU2JjU1iAUKFCi6LoUKLoUKFCwrCsKwrAsKhQoUKFChYVhWHVFqNMJ1FdHOozTqQTqBTmKNzLcKBTSm/PjnYQtVku0shko5rQINI6xWRP8AC3+6PXPoqVJMpwmtyUKN+OJG/ChQoUKFhRChOZKwynUwn0k+lCc0jcm4hSiINzXIZhH55JgSiZQUym5BTJX4k/Jqc7QI55KjS0VNsJrbhxoUKN6LoUbkKFChQoWFQsOaLU5qcxOpZJ1OERuZhaqJC0NzD89VTyuKapJRPJM7QVZwkQuao05zVNmSAQCjv8b8ItlFqLUWo0+aqUU5sIFaheiIhArtXAoI/PDjJO6SgYua0kqlTwgJoQCjiQo7jG5HqoUKL4RCLU9qAyTmwqtEGU5sGEE4IHkbgVkbmuIUz87vMN3+RQVCmmt0QCCHDjvEXwouKIzRCLURKdTyVanIWA6hHS8LQ3BMR+dqp5cChTkqm2E1qi4eDxeboRaixGkqtnjMJzNURfNzU353q77GyVQpwmMQHhxF8KE4KtSLXSE8LJEZ7jCj86hVtd4KizMKixBDxKLnNkK0UD2gPdOaWo7lMmUfnaqNN2FSpyVRoDVBsIDizy8CjeKc0EK00eaIKI53j53iYTtTfCptVKmqYgbw4MeDtnMG+q0EKtTc1TyRFw1R+dgn6m5rU1qpMATGpvjJEhV2SniHIoIHMfO4T83IMkoMATRCpNMpg3x4pWGSrtTrhr87hECShkgmDNUxmm94O/Ky4EdzcqrdQnNiUQhkhoPnYIg5lNkpqY2M+aHJN8bKrNVRHyu5D52CJQ1TW5hAKmJKG4PGKoCqtTxcNPnYLmmBNGabmmobg8XKqaJ6qC7l87C6m1NGaY1AIeOO5p4yKe2U4Junzs1DtJjU0KmEO8R308BwVTJxThkiFED520CpDE5MQTBA8VKPAcqg5o80Vy+duSoDMoZJg0Q8VPBKqaQnzJTsiuXzsT1VQag3RNGXyA4SFVGqcuRHzs7sqiCG+6byQ8BHczxa4zCqCFy+djoAqTRCpjwc8Sd4o8CoJCrCFyPztGioiFTGXHCngyp7rPBNx4B0Vo1hDn87DkmeQTNONKxKViWJSpUrEpUqVKlTw5um6VKlAolTdKlSsSkLEiVPCtIzK5fOwzhU2jJN4UqVKL//AGsYjWViWP6lY0CsYAWNY0CsaxKVN0qd+VN03ypWJSpWJGoJhYh+ZF5RqhB/ksconPVdJ5onyKD/AN0KgKngWjUj0XL52aqabpwS9Yk6oGiSYT6uXWyH7rHijqkp1ZwyA63oc10msmD6ZlY3ZSIHqYRePNPrMbrqnWnziULXJ1/oulEgxP1TrVA1/ZfaOcgf1QtLfdCtP/pNqKUCp4cqVKJWMIvRqx+JG0t8wEa06xCdVI9QvtA1DoXTt/8ASLzqCCuknrNP0Qr/AMJRdGU/9l0jgdV0k6j6hCoHRmHeRQq+f7IPB5oHetOso/OzNVTGSHAMBPqQn1gCATJ8ljd2jBPIJhHMglSXkwcvTmi6kwRlP8OZRtBGTWho9xKNocJ6qNrqRh0XT5alGufILpX+cLHUI1WKeaxfxIVnt1MeyZX9SUy0AEZ/um1QeaDpQKm6VO8TdKLlVtJB6uadaav8P7o1nko1CeZKl5/FmiS3tFGo1F3kpJzQqmRrkm1uc/useLUSFhygKSNU3FMtM+krtHm13tH7oVHdlwz5eqxkKjVBOHz0Q3bT2UfnZuqoob5VV+EZalOLvwx/M7QKPM5T+6nCT68k5736MEBY388kcHlPpKJqAZGPZOedTJ905wPJBjfNFobEFTOuSkoYtQsXmvYqSCmvVNzhpMKjUTSpU78oolEp/W9k+GqpJ00UkmETA7UrpEXzr+yOc8vZAmI5IAnJaaZoT+VQ7kEHOag8HUFYPyv/AHTnVANA4LGNPXQrGDrr5800ycnZ/wB1SfjGeRG7adE752Gqo6BDfzKqHWFgJPn/AGUNb5T5BFnr+y6Inm/9kbOZmcXum0XD8H7JtGeZX2QHVGxNnROsnpkjZf4cl9mX2fzC+zI2ZdCRyWCdQuiTZ8voqTv2TfdDelSpRUqVUfy80WSZTh5D/ddGDyRHJYHTMIUieSbZidV9lHkhZyhZW80LM1Gl6BYIHZRA8v6Ih35FBP8AokexWD+b+6gYtCgA7yJTCWuh30Q3LV2UfnezZsCG/U0RanNJyQo/lKbTePxIYxyWf5FHosKwqFhRYuiRYiz0WAeS6JGkhRhdEEGJuXClEo80QiyctAujA0QpBdE3yXRhCmgwLAujCwAKER6ItWH0WB35UaTzzRpLAR5J1Mu7bc/MIYtCZQ3LV2Ufnexn7r6obxRDisJhYAg1QVCz4JRCjeF43DeUVChQoUIBAbk8AhFoWFN03LT2Ufnew/DPuhcN03RuysQRqNHNG00xzX2idGOXTP8AyFdLU/8ArK6d3Njl9pZzyWMHgDfKKm+NyYRrtXSnk0rHU/Isb/yrpXflK+0NGshCs081jWIKdyFCjctXY+eLD2Xe6HElOqAI1yeyFDzq79kKbU57GeS+10QJxBN2hQhfbKJGqFRp0IToKNIcjCDnt1080HA8ABQouKKO8XQsTnaaeaFMc80MI0CxDyQgrE2USEHscnUqTvwp1Bzew9dM9nbCbVBQcp3yrX8I/PFgPWeLhwSi5VKx0Gqa0ky9ydVY3TRVLbn1Qulr1DAkp9FzBiqOz8lncXFNrVGnVU7Q/mmVA4KV2cwgbxcEEEFCIRCcjul0LCTm79rpTrTTZzTrf5BG2uMkEhfa6kRJQtdUCA4hU7YWgdXKE3aIOrULSHe/osnao0iwy0qnUnXVAoHeKtvwvr88WDtu9uCUU4p7p0XVZrqqtp8k0VapVCwDVyFINGStpmrEqFRszK9akxtSA6A4u5FW2wMslVo6XGzLERqJusLpe6mdCFUskS8ZQ3JYnsycE1wcgIQuCFwuaiEUU7cKco5okJ1QyA3MlNs9ao2Tlz/ZWoNa4tbyJTGF72sGrjAlUrPXrOLabMRCfTexxa4QRqLrLhc7C5VLF5FfeUHQclTteeabVDk6nOY1TCeaBQ3SrZ8E/PFjMVhcN4opycnv8gnueUKD9SFZ6OYTG5Jw6qtPx3+6KlFxOpm6wz9oZCw5Qq1KZy1Rpup5jRMqNKDZWFQggggELiEQnBG4BYE5gAzT63kg2o/0Vns7Wu0QaIVoP39T3RVK016JmnULcoVSo+o7E9xJuoD75vuujGEKtRBboq9nwnJNe5io1yYkpsFAIbpVtP3R+cqVJ9V2FoVHZzG5vOIo2Sh/9YVXZzD2DCq0alI9YXWX4zUEN8pwThK6JdD6LB5qkAE1aradEtq4uRuCyULZdOahd5KE4Zp7cin0fyqzVJyUBOCFwQ3CE4Ii5q6oEq1ViThbqqdHPPP0TGQNEwRdbqZZXd6lG8Kw08dYIJ+itDQV9naRmvs+HRybjCY4pqA3Crd8L6/OLWlxAHNUKTaLAOfNNeDdCcwOEEKts5pMsMKhZOiJJMm4IbxCLVgRYEWIsWHNYk0q0UG12FpVezVKLocMvO+hZqlZ2Qy81ZqDaDICxJ1RvmpxO1A91X6Iu6mip03YsUAfRA5I5oBAIBDdKITggnZhCmWVMYRcXVS9wGa6R0BpzAOUJrwgZVus3StkahFpac72ML3AAKyUOhZ6qU4pzVgC6NdEgxNG6Vb/AIY976NgqPgu6oQ2bR5kp+zaR0kKtYKlMSDiHzXYGB1aTyCquTXuadVSrYlNxCIRQ34UKLiEWotlYXBB/qsXqn4XCHNTrDQdyIQsNBvIlNhswyIRc5QTzXRhBiwhZDldCAQQ3iiiFhu5ItCwhYVgPmpeq1mp1O0zNO2aOT0zZv5nqjQo0tBmpWLzWITdhUKFhQG4UVVpCoC0r/DT+dULHTpep80Bc5wCxgq20OjfiGh+atndt/sntlGmgCCqdTzQNxTkOEUbslksErom+SwrC7q+ikkkHmudw3QELxvFG+ERugBTEZaJzpzgTKfOeXPJCSXeiwHzQYsKhQgEAoUbhuAQF9SoGp73PKp5FV2dJRcPmrZ3xHeyKhYc1gyTHIIpyHDIR3JUqUSZvhAKFCA4M3FHdwqEW7konJNOvvdN4CAUbxRTRe90BPlxQYsCboqrcNR49fmnZ5+/+iN0dZYU5pCa64pvDKIRG9F0KLoQHEO6LiLiEWqLxuAINQHAKbc50KC5OYmhQgrX/mH/ADTYjFoaioQ7VzguyVKKbrwYvhQsKwLAsKwrCoUKFCJhNM8Q7oQuhEKFCwrCsCwLAgxQoUKN8oXdooNTxkgERdaHYqzz6/NNl+PT90dLmjrXFPYohFM14A3oUKFChRfF1VmJUm4eIUd0XQiFF0KL4UbxG6biVTaoTghdWeGU3H0R+aaJw1WH1XJcky6VkqkQplM1uG8N+LovhRfAUb43Two4p32sQEXG/aTopAeZ+a6DsdJh9LhdKL1WrQFTrkVDOhTNd4IcSFHDG8UeNHAO90n3kIPCxXxmoW1f9P5r2cZs7VzuKKcqjU6mqDpi4bg4kcUb54UXRxTcU3Earz/EUwlDd2sOqw+vzXst3UePVc7je4Lo5VOnBm4bg7wEN8o91O65Umpo3tq/DZ7/ADXsx3XePRC43kKFGVwvHeRwCjeO4zvP0KaELwigtqnsD5rsDotA9kLjuZI3Dus7gG+Ed2FHeCJUIXhFBbSdNYDyHzXSdhqMPqmG43Tee7FMaZM3FAKFF8qUCsSxKVKm+EQgh3XnuhOQVtM2l/zZZ34qbD6IFFEXlTwx3GVKJUqVKlSpUqbpU3FDuJRvCi8IJynJVDNR59fmzZ75pFvkU1yBRCIQKlHXu50WiClSi9PtVJnae0fVC1UX9mo0/VSgVKlSpRcsSD1iQcpRTe4m8pu4LnlWqp0dF3zbZK3RVR5FQgSg65wRdClDhDilSiVWrtptJKtFsrVOcD0TpWYVmtlqb/EPVUrW13ayQcCsSlYlVtVKnqf2Vo2lUdlT6o/qjXru1qOTKtYaPKs9urAgPzCp1MQUph4xvO41Tc0XOKlbRqS5rPm6xWgVGYT2gouCiVUprMJhyR0KGm4O4uQciVXpdIvsIX+GgnVM2XRGolGyMaMgn0I5Km4tyKxLGqlU6BdDiTtmh/ov8MITLBCbZAExuEIuVPTuhUoZoNuLlqnENaSqry97nfN1Koabw4clTeHtDhzvDlIRaERFw4M8QqpLTKFUKQbgpuLJRoroyF0bkLP5oUwEFksk5wRqJkuKYO4m92hTWklNbfF20K2GngBzPzhYrV0ZwO7KDpF+IhY1MngTxynNlPs4OiFJzUAbxdCwqBdCIudiRDzyTbOTqUynhQ4x3xClTfWqNptLiq1Q1Xlx+cbDav8ATefbcLVBm4d2hQoWFQoUbhqHHCbndCwrCg0KO4zuk5oOKCFxKtto6R+EaD5zsds/A8+x3CPADd0ecoN3R3c6pouCJVttcAsYc+fzrZ7cR1an7plRrhIKnjjjFA6olC8XlYlKlT3UqFCF1stYaMDT1vnenVfTPVKo25jsn5FB4IyO4NwmEDx5U3SpQ5XFTuuKJlcpvClT3IoXYoVqt34af7rX55ZWqM7LlZrU91QNdzvHcJulSplYrjuFFNOSKm6EWxfiUrEsSxKVPcJVe1MpDzPkqlpq1NT8+AwQUx2JrT5juMqUXLEi64XzrcLiL43IWgunK7EscFByBU8ao4MYXHkqltqO7OSJJ1+frE/FRHpkh3CUSic1i0vG7iWJY1KxhF6LlKlYrypQdqnOCa7IJpQPEN1ufFGPM/oBs98Pc3zCG8eCSnOTnZSfJMPPzUoXDRFwWJYliWJSg5BynclSsaxXG6rkCRyTXZD1TH6oOU8XaJzYP0As78FZh9eNKJWLKUXZj2lVHzI8ggU10rEukRqLpFiUqd4XSpUqVjXSLpUagKfUCa/q4fJNdMEeSY7T1QPFtjsVc+mX6A0XY6THenDF9Q6DzT/hu9kci8+qL+c+qFVCvCNpCNpXToVfVNqIPQcgVKlSpUo3EwsSxybnOTnFOqVRyRqVTyTSVRVKZj+I/wC6GvEJT3Ynud5n9AbC6aEeR4xHWlFV9CnNIC6GqTqhZKp/GvsNb86bYakZlCwu80LBQAOpPum2Vi+zr7MnUXIMeiHZoSoKAd5LDUOgXRPX2b1QsrYRs1Mcl9naQhRbpC6Jo5J7B5IUgjRGqpthAf34todhpPPp+gVgfDy3z45TxKawTmEWBBqDQgFksULH6BSsvNYZXRu8k6n6JtP0WADUIM9Fhux4eQPui4nmplSnJyAChQg1Rxbe6KQb5n9AqL8FVrkCp4pWFQoQUKSFKncBWMp1Q4TmukdAlF5WMrEidyVqoULCoUca3PmrHkP0Dsj8dFvplx4ULCiLiJUFSViUqb3ZjdlSpuDUGqFChYeMTAVR2J7neZ/QOw1IeWefcYUI3QoWFYVB8lB8t2FCwrCoUKN88S1Pw0XeuX6CU3YXtd5FAz3EojflTwhvFHiW9/ZZ9f0FslTHSHpxRukIjcN8qVPe678dVx/QWy1cFSOR7sRvSp3AFHAPEtVTBSPmcv0Hs9XHTHmNe5G8oC+LoUXR3e2PxVY/L+g9lqYKnoeNPFjvNR4YwuRMknz/AEIstbG3CdR3WLouhQoUKO7WutiOActf0JouLajT3YMAJPnxTx61UU2E8+X6FNycFyHes+5m4lEwCSq1Q1Hz+hbOw32R8NN1pr4uq3T9DKXw2e29PhNqrFvVHP8AQ2z/AAWe3dZR4k8SFa/jH9DbN8Bntvzvi+e8ypuF1q+M79DbL8Bm/PcZQ4kqdyVruWgzWf8AobZfgM4M3ysSB3p4MondneJ3q3xX+/6G2X4DNyEd2VKlF0ZprgQpU3TcdwlTpfKncKlTuEqbhu1O273/AENswiiz2vPBLiocdXDPkmswaIPKxe6xLEsSlYliulDzQOSlSuanelFyngv7bvf9DNn2CQKtQewTh1jvHgYjzWNqxyuk/fyQd/VF40WLKUHYshopWK4uyQKBlSjq1TqsQU3EpzwpO4N+12JzZqNzHP8AQuw2Q2ip/CNUYa2AjrvEIjhSPJaDUlH/AMCJWKIWJYliT6kiP3TSgc1iRfnCm7FkjU8liJ3RcL4vZhczCVbrIaFTLsHT9CQCSAFY6AoUGt581UPAIUXHfKz81h8zK+pQ8ysYHNTz1UrNBxWNYljAXShYyee+ELhvUXZq0UG2iiWH6KrSdSeWOGY/QjY9APquqEZNurGN8i4hQiiLovN83FQve7P8ym6EBwIQHBY6HlU3yto2MVqWNvbb+hGzaHRWZs6uzN1vdgaD6ppyG/CIUKLiFCIRCKhHuYQuG/P3rlRJxJolW+j0NqqN5EyPr+g1jo9NaGN5c0BAu2n8GfVUXSwcEi6FChQiEQoRCI4oQF4ChAIBRvxNRUfiIaLbVPOnU+n6DbGoQx1U89LoW0KTnWapCsj+oEN8o75CIRCIUKN2FChQoUKLwEBcAgFG8U5+GsrJ13YrtpUuksr8sxn+gtNjqj2sbqVRpilTYwche4ZKrQ6CtI7Lk08Eo7xCIUIhQi1QoUKEAoUKNyELgEOA5Vj98ArIzDTbc4SCFa6Jo13s/b9BNj2fN1Yj23bRRFRhCZIJa7UIbsXm47kXQiFCwohYVhWFYVChQovi6EBdG+U5QX2xgHmqbYF+2KEsbVHLI/oHTYXva0akqz0m0qTWDkN60UMWY7QTT3KFCIWFYVChQovhRuBAcAqocitnUMVV9Y+wQCN1opCtRew8wntLHFp1B/QLY9DFWNQjJu+VVokEuageNChRfF0KFChRdChRcOG4osdVOFqs1EUaTW7u17PgqiqNHfoC1pc4AalWOgKFBrP34BCrMw9YacE7kXRwouhQouhAcEqC4ho5qz2dtJvrvW6h01ne3ny/QHZFlxvNVwyGnCc0EKpTLMxoh3aLoUKFChRwnFWWj+M68DaNDobU8cjmPn9oLiANSrHQ6CzsZz58NwBT2FjvRDuEbkcEtngjr1AEwZcDa9mNSkKjRmz+3z/sey43Gs7lpxXNDgnMLD6cONyL43oujhuPJWazhgxHU8FwBEK22c0K7mxly+frFRFGzU2+mfGcJCc0sO9HBjcjgRwOaoWaDifrw9qWYVbOXjtMz+fbMzHaKTfNwQGXHewEJzS0wfASqNCOsdeIWggg8wqrDTqPYeR+eKFitFfsNy81T2Jl16n7JuxrMNZK/wAIsf5T+6obPs1GoHsbn3FzA5PYW+25HChRwYUbwaXGAqdIM9+NVsdnqkl7ASn7HsrtJaqmxD+Cp+6q7OtVLVkj0+c7PY69oPUbl5qzbGp086hxFBgaIAuhYVHci2QntLD6d9a0uMBMpho48KFCICtGz7PX1ZB8wrRsmvTzZ1gnMeww5pHzaGk6CU2xWp2lFysWyPx1/wDpTWNYIAi6FhUXHubmghPaWH0U96a0uMBU6YaO5xe+hSqCHMBVfY1F/wAM4Sq+zLVSzw4h6fNFDZ9pr5hsDzKp7EZ+OoT7Knsuxs/0590yhTZ2aYCDFhUbzu6ObKfTLfbvLWF5TKYaO4jcI3IVr2ZSryW9Vyr2StQPXb9fmSzbLtFbMjAPVWfZlno/hxO8yg30WFRwnod0IVSkRmFKnurGF3smtAHd4UKFBUIsB1Ep1hsp1os/ZP2VZHf6ceyfsOiey8hO2HUGlT+ifsq2N/Bi9k+z12dqm4fLDWOd2Wkqns611P8ATj3TNiVT2qgCZsWiO04lN2XZB/pqlYaFMy2mAg1RxXphy7tWpR1grVWNNshUKjn0wT3OnTkyUBHfYUbkIsaeSqWGz1NaYVXYdM/DqFv9VW2VaaWgxD0RaWmCI+UQCdAqOzbVVzwwPVUNisEGo7EqdClTENYAsKwrCoHHKcqfl3e02cEHKQmNDWwO5Mp8yh4OQq9joVh12K0bFeM6Tp9Cqtmr0T12EfJrKNap2Kbj9FZ9j1XGavVCo2OhRHVYEAsKjuZTloe8VqUZjuEJlHmVHdAO7uY1whwlWjY9F8mn1Sq9gtFGZbI8x8kUbHaa3YpmPNUdhvOdV8eypbLslL8En1TWADILCsI7sUUUw93iVWo4esOIL6VPDmde6lDukbpaCq+y7NVnqwfMKvsi0U+x1gnMcww4EH5AAJMAKls21VPwQPVU9h/nqfsmbGso1BKp7OsjNKTUGgaBQo70UU0wUO6xdCrUizMacQCTCp0cOZ1R7rqe+1bLRqjrsBVfYbDnSfHoqmy7Yz8E+ycx7DDmkeN0bBaa2jIHmVQ2K0Z1nT6BUrNRpCGMAUKFHfiiimHLvBEqrTLHenCaC4wFTpBnv3YpvgFShSqdpoKq7Hsz+z1Sq+yK7Ox1gn03sMOaQfFGU3vMNaSqWyLU/WGqjsRg+I+VSsVnpdmmEGrCo8CIRCY6Hd5e0HVVKZZ7cBrS50BMphnd3aod6jgQn0aVTJzAVaNkUX50+oVaLHXoHrNy8/EKVGpVdhY0lWbYw1rH6KlZ6VIQxoChYVHgzgnZJhloPeamEN6ydTc3llujNCk480xoaO7koZ+DOa1wghWzY+I46MD0VWlUpOwvbB8MAJMBWTY5dDq2XoqVnpUhDGALCo8Fnde1Un4XYfPvFa006IMlOr1bTXHJgTavRgYnAhVK9l1Ds/RG0t5Ao2g+S+1H8qp2qlI6QEKpb6AAcHSB5Jj8TZn2KHdn+SaPCLRZaVdsParXs+rZzPab5+FULJaK56jDHmrDsxlnGJ2b1A8Lm4p4VJ2Jvr3UkASVareyl1Rm7y5p7zVq43LGYUqd6nWr0HSxxLebOSs9oZWZiYf/AM7qdEM0PBY3CAdVbtlNf16OTvJPpvpuLXiD4M1rnEBokqx7H0fX/wClNa1ogCPCo3ZTkw4Xjuj3R7q223/Tpu63N3kgNeZQ4VKq6hU6Rn1HmrNa6VdvUOmreYQII7nUPJNHhEKL7VYqNpb1hnyKtVjq2Z0O05HwSzWSraXQwZeasezqVmz1d5+HQoUKFCeFRqT1Tr3J9UCc8hqVa7W6sSymSKfM83INA4o6Sk8PpuhwVhtn2hnIPHaapnuJXaKHhcXVaTKrS14kK32B1mdIzYfArJZKlpqQOzzKoUKdCmGMHiUKEQs2uBCa4OAI7hXrtp03POTR/VVrRVtDs8mcm/7qOOWkHEwkHzGSsFv6SKVV33g0P5lPcKmiaPDYuqMa9pa4SFtCwmzvxNHUP9PALHZX2mqGjTmVQoMoMDGDxZwVJ2F2Hj2i006TMbzlyHmqtetaX4n6cm+SAjuNVvMZHzVg2iK0UqhitH/Ugp404neHkIqrSbUYWuGRVssj7NUj8J0PfrLZn2mpgb9SrLZadmphrR9fFynhUamLI68QmFXrinTdUfk0f1VSq+0VOkf/AMo8gmjuWqeP3HPyWy7d9ppQ4/esyd6+qji1HQmDxA3Wmzsr0yxwVos77PULHd8AJMBbPsos9ASOscz4y4LsPBQM8IlWu1MoUnVH8tB5lOrV7Q7HWeT5DkE3uj4lF1Si8VaTsLh5Kw2ttqoNqt/5h5Hizich4iQirdZRaKJH4hontcxxaRmO97JsP+u8fy+NFPaqD4OE8K012UKb6r9GKrXr2yt0tU+zeQTU3TujgnKz2mtY64qUzl+JvmFRqsrU2vYZa4ZHh1XwITR4mQitqWDpB0zO0NR3qxWY2iu1nLmmtDQGjTxshPbCovxj14D3aAc1tO0PtFpc3F92x0N/3TBFw7q4JzVsi2Gz1+icfun/ANChcN/RHrOQ8UIu2lZTQrkgdR2nedk2boqOMjrOQ8ccEHGm6U1wcJ3iYC2hbG2akYP3r9ELxvTvzwHJy6MlbKtz2u6Gq/qnsE8lqhv1jDY80weKlFWmzttFIsP0VWm6lUcx2o7vs2yfaK3WHUbqgIgIXC8eLlPaqdTA70U7torspMNR2g09SnB9eo6o8y5yqUHNzQub3Qpyo2Y1CjZAG6J1HCVYLW6G06hz/CUM99xxPKA8WIu2xZJHTt5druwBcQBqVYLN9noNb+LmgLihePGHBPaqFaOqdytVaxpJOQVd7rQ4SMhoFTs4CNBpbCtFDo3elzdO6gYnBWamA0ItVWlKwwrJaS8YXdof13qjsLU0eLG97A9jmnQhWuzus9ZzD9O67IodJXxnRlwuO4UPGHBOCoVJyNz3QFaKnSvy7I0TGJrFCtFEPaU9pBMpvcI3CrLSxOlMEC4tVSmtDI1VktJd1Xdr++684n+yb4qbgE67adk6egSB1m6d1sFmFCg0czqhwB4wU5qktMrpclXfILQfdNYmtvKtdD8SAz43lvBpJhWanDdxzU+mswVZbRjEHtC9zoaSmhDxV5QFzr9qWbobSSOy/PuezrK6vWaY6rTmgE3gc/GSE9qzAhYUGKNyqzE0qqzA7ulmp4oKYI3XNT2ISCI1VKpLQf3RVXkE0eLHM3m+32UWigR+IaIggkHl3GjSdVqNY3mrNQZRptY0XN4BQ8ZIRag1Qo3bbSykdzaJKs9OGjfc1YE2WlCotTKHipQvO5tiy4KgqtGTtffuOxaAOOqfYXjgt8ZIWFRv1Wy1VW4XHuVnpyUxsDfhFqIQQCHiruBa6Ar0Hs9MkQQSDy7hsqnhsjPXO4cIa+PEXlFWulz4MhYgsTVib5qRuMElWenA4AChEIBDxZ27z3Nr2boq3SAZP/vx2NLntaOZVBmCmxvkOJz8fO5XZianAhxRhGtTbzXTA6Ao1H/kU1zyCwVz+MD6IUX83ldB6n910DPJfZ2eX9Sugb5LoR5ldEeTiFhqjR0rGQYe2PVWalnKYIHDjxc67vPcttnFezvZz5IiDB42yaHSWnFGTEOIUPHzcUQrYxzS4tCFKo7tn6BCm1qgeSgKOEyk1/abIVFmSj5BK57p3dr2Xoq3SN0f/fjbLs/Q2Zs6uzKHEKHyHbIDR6o8UKzsBa0pojfHjZ3jcb9p0Omsro1bmOLs+h09paDoMyphMdxW/IJRVuPWYPTjE4WlbOzs7fTJD5CO8Udwq3UehtL28teJsWlFJ9TzKITcigeINUPkEq1n74+wR4r9APVbMdk9n1vPyA7eKN8KFtexY2ms3VvE2QP+CZ9VCITDxOaHjJ4BVpM1n8Zysb8FZnrlebx467TeO89oc0g81aaJo13sPI8PZH+SZ9bihkUOGUPkEp5lxPmeMdUCQQmOxsa7zHyCU7eO/tuzy1tYcsjw9kf5Jn1vKaeGUPkGscNN5/hPcbE/FRj8p+QSnb3PftFIVaL2HmE9pa5zTyPC2P8A5NvuUb2lDht+QbWYoP7jYHxVw/mHyEdUOLtWj0drd5Oz4WxD/wAKR/EbjdzTTceC3x83W8/dAeZ4U79JxZUa71+QDdzKG8d/blLqU6nkY4WwndSq31uNxTShwm6+Nne2gewO5UX46THenyPyR39p0+ksdX0z4WxD99UH8NxvGqFx4A1Q+QLc6aseQ4zTuWB3Uc3yPj5RQQ3IR4FRuJjm+YVRuCo9vkeDsh0Wn3CCKN7bzv8ANDxw7lqM1n+/DkXygb7E7DVj82XyA7RDcARR4O1aXR2x55Oz4OxmTWefIJqKKCKaUEOAUPHDeVVM1He544KFzHYXNd5H5AdoghuFHg7cpTTp1PIxwdkOLHvluRVN2IIooXBBC47xQ8eKKOu/n5cEG+zOxUGft4+9C4XlHg26n0llqt9OBRwmqzFpKx0mQA1U3ZwinIXc0EDwWoeOlVTFN59DwydyLghdYHdV7fWfAx3x+oQQQvKPBOitdLorTVZ5Hfb2gsX3lILpA2q31uchcU1BC47w8dKKtZig/fy4YQKsborAeY8CPfT2kEN08LbVPDag78zd+k0ueIVOXPxA6LG/C/FyVnfjpNPonXBFNQQ4HPx03W4/c+5HchdZzFZh9fH+aF2JYrzwtu0ppU6n5TH779gNFjHPdqmVaLuyqjpqtA5rZ5qAOY4aaI3C7mhcEN7n46breeowevchcDBBTTIB80PHW3EoqU03HhW2l0tlqt/hy36IdBGAlfY64zbTcFLyRiyI5rZ1apUxYjMc0UULihuncPjpu2gesz2O6d/63ZbwVmOKhT9kO/R34oXG8cQ6K2UuhtNVnru2Cz9NV9kyhTYAA1Qto4KT2GNVswSwviJNzkLim8EoeOG63H772aFn57//AJzvN87kIXWEzSI8ih44bjuC48PblKKzKn5h/bd2L2qlwW1utWpsVmphlFg9EU5C4pu8bym6eOFFWs/fv+m9+2+D5cDZzs6jfYoeOG47guPD2tS6SyOPNue7sinhpl8a3BWun/8A0KRnJM0RTkLxqhvG4pvjhurk9K+fzHifvvi6wmK4HmDcPkAIcWq3HTc3zCcMLiPI3wtm16YotYTmm6IKswHadJ08k25yF/NDgt8cKOiJkkyvruws9zLhWU4azPf+6HyCEONb6fR2usP4p/e+rSqYvNBzqRlWXbBAa17fqg+WYvRWQvftRxOmaFxXNC4ob5uGvjhVUxTf7Fa8DlufvedwIJhhwPkUEPG+ancHH25Sh1Kp9DfUqYeUp7KVfLQp1I0jB0WzrViApn6IU2B0whcUdULihwCuaHjZVo+DU/lKK+l/1R3p4QVIyxh9Ah8gDj7Uo9LZH+bc77Ixp1Vu2eKwlmTgiwfBqiHclQq/Z64B81TcHgEFC4pyF44BXPxwq1GKD/a4rPc+t314vkrMZoU/ZDxo3i8cdzQ5paeYVZhp1Xs8jdSrmmfRUrQypoVtGxiszEO0NFWoxDsWfNbJeTSw+SFxTkLxwCn6z44VbvgH3C03ct/Pg/1ViM0B7nxt2huF41Q7htilgtWL8wvshirdtam5ldxjqlbCJ+8QuKem3hDgOCbp42Vb/ht91z3s+BlwNn/CI9UPGqmiG41DuG2qOKg2p+U/3vpuwvBR2hDwBmFtIMqWcFbDHxULinIX80OAU3xsraJ+GPffnekb4u5wtm9l49kLh4xU5IbjUO4W2n0llrN/hvOiMhUK1N1GKuo5LZLmmpWw6She5BC7mhwChr42VtDts9tz63ZXTuZ35b+oWztansELh4w7tbo7icwrXZnUrQ9sZclUaWmE/RHNMstSuOotlMdTrVWuEFC8rmhcUODz8bKt5++jyAUqVkpv+q+vF5XbO7bh6IeFSpUqVKlTwSj2juc0O5VaUvmFXpB7JVU5xdRtD6LHFq2c+pUque86jcKOqFxTeDz8bKtmdd92fch7r9rtn/Gd/JePCZUqVKlTdKlTuFFDcah3IhE/clPkucYWqpUOkokRl5rZDC2vWEyGmNwp2qFxTeCfGyrSfv6n8ynumd2z/jnL8J8LO7KlSpUqVN03POSF5TUO5unooC6CmKLmRnCgh+H1Qd0NiLo5StiHF0x9ULynoXhBDfKHjdb4jzP4ijO9N31v+qy4MBWH449ih4hO5KlTe9C8pvdDkwJp6wT7HSe8PhVGxSI9FsXKpaB6oXlPQv5ocApunFlT3Qd4KOs8X993O8LNWL47Pr4vN7+0hfzQ7pV0CGoTNFW+G72Wx6hNqrA80LynoXlDgFM443ChxhdO9I8wjVpNEmo0D3TatJ2j2n68Z/Zd7I+25HBm+N+xk/aGfX+yHhhvhQo4B7R3G6od0rckBmm6Ku4NovJ8lsmRa3HzQ3HIXlN4LdeLI3CR5okBOrU/zLpWTCfaKbWgk6ptuxNc5uGAY1Qtzi2qdcHorNbjVe5pxDyVW29YNY7rEwFadp1aUNEkp21rUwOLnZugtHoqG1HfZTXqExjwkxz/ANkbdaHnDRLncxUaOrC+0260VSKdKoxpGFxg/wDdH/EGhrTUosDDGJz4xKtVttCu8dLS6MgQXvwYV0lp6J1c22kId2pOCFZ7U4z/AMayo5jDpIB95TrbXB6lvodrs5uOfLJOtz3VKrTbKTA7IBsveP2TbfgoMc6uMzhxOB5eiFsf0bz9qpmTEk4ITK9X7QHf4jSc0NzYND9U22PBD37QYdMg0/3Rq2vHVa+tRbi7OKrhP7KsdphwIa2oJjqdcKlRtjnYajHsaMRBLSMyrBVtDaxDx2RBkQqLi5gJ4tcxRqfyo93sn+Yp/wDnLw6EGrCoUcMpiHdHiQmDrXbXquDWUwe0tns62OENwrneU1C87o7XEq1cA0TLbTAc+XGJmAqFsdVaHYHge2q6V/oqlZ2mID2VNlV9QPDqhB/hy/qgyrVIltQZ+eFGyYu1TBz5lOsrs/u2kRkMRX2NsiW0w2MkLLZ4A6n7Qm2OjhLcLcPkBCbTsVKcJaD/AFVP/Dek6mHH7J2zrK5+M0wXSqtksjWFz6YIZnpML7XYcPbcGjlhgJ1tsTHObjeXU4y85VW30qFbrUahDmyzP/dVLZSs5D6mzZ6T8RIM/srIbNbabbSbO0OOWYk5K1WrZFle2k+m2QcUNbMHzVmr7Ot2NjLPInEcTBEr7FZNegp/9IVTaOzKD30ei6zHaNYqQslsptrdGxzX+YVf7JZwxz6bAJiY0Ttp2LqtZRxAzMN0R2lYi4Oq2WD2ZIBhqZ0b2tc3McijTYeSNNpGGFbqAZiz9RPlzVkcHUQZni2r4FT2We5Pc7J/mGZ8/DhfChQoUcApndZyTG53bVrg2ljRnGSsTCKbUNwo6oXFNQvO7z4lTrEt95VGzswFzWgF2q6AaGSvs9KIwp7aFnpPqYB1RKsu0WV34eqPqhCtTsNBxX2oFrn9M6G5aq0W1pdDKhcB+HkZX2vHa2ODDAaBHsqU9GydcIRq1G260mn1occolUX4trOEYeuhMCVb3BtmqTzCoWKtaqjhSe3LPNUdjFtRpNUZDT1W06FoNRlNrZAZE+sq02YtslH712RMicp9lQ2tQsdiFNjS6piOXurJYbRtCu6o7IOJLnEZT6Ky2SjZaeCkyFWqBjCVaRU+1VS4EEvJ/wC62G9hsTGg9ZuRHktuf5dgyzeFY7EbaHE2kU8D8OAawtobLdZKfS/aMQmMHutgVahp1qZksa7qn6aXFbcxfZa0CcWAacpmVs6PslEgfhHFtnwHo7mfEzvyv+qs3x6Xv4pChQouOiF5TO7NCrvFOk5x8lZaBr2hzj9Uxga1N3XIXFDVC87pQ4dQDEf5SrPHRiL9o52ZzfOFZ6QpV24on2QREhWurTs1IuwjPQeq2dRxuNUt/ore13285xp/ZUgRRYCZyGabRa+0VuUv1n+KUKBdb5qv/HqP/wATdPRbXI+xvycdOyqVSsHSx5adFshtTppdijCdVbHUxaMyJjSVtB/SWWnBAgkwuciVsK1DA6iTz6t237Q3CyhOepCoixs2c+o8h1Q+nWEclsWt/wAbk3C17Dz+q/8AkJHQU8s8apEg1szAbpMaZJ5fXfTh1So5zuri7P8AVbKsZslmg9pxl31v/wDklUg0KbXHMOkKzYuhZibhMacW2f5d/wBFIXtxvpuZqF9LrP8AFp/zd8i+O9P3Oab3VgkqFtevAbTB11WzaIbTmNUU3cKchuDgFN04bxLj/KqGVMXSre/FUZT8syrRa2dLT6NpybmrG8vs9MlPqsptLnOAA1VWsLRW1hqpWug1rGNdOWR5K3tDrS6eQ0+i/wAQstOyFwdiwtzA1WzKVW0dJU6vVzzVCzUaFRjzBDc4CFtpwI18la7U11Fx0AMFbPp0Kjw/o4cG5SFEK2H/AIh3U5CStokfZ6LSwnniWx7BSbQ6Us67/rkq7TYto5MDGEgtVKuypRD+X7qu827aBwRJMNn081/gLwx/3o0bH01TS+wWhuIdamc4OoW3KuIUGyyNY5rYlKjUsFTqdpxxTzVpo1LBbcI/CcTJ8lZa4tFCnVH4gCipW2cL9qU2vkMws09VZo6FkGRGvnxbd8A+6n1WvPj/AFv9wsr6JPSUv5gh3mbpvlT3iFU1QvGqHdWBWmu2hSLyqbn220F0ZSqTAxoCKG4U5C8punAKZpw6mv8AylUPhjO52iwivXMjXmjYWsZLSZGqrVSLJVph8E5M91Tpvo2Z2NrnzGQBJVmoV3PxGiWgmP6KnQqywmn+LP0Ctlk6WHs7bTkn7Nq1qsBpGWpVmszKFnFNmWX91aNm1KnZtEeWSp7Mrtf8fqgZZJ2z6r6LabnNiZKstDoJl0rEDzT7NTe/EXHNVbDTqBrS7Jqs1FlnospNOQ0VrslntZYXu7E6J+z2dE+nTrlpdGasdhstkrY3WoOfHMwnWuzsgOrME+ZCtezbNa63TfaMIc2MozhP2TQrRjtdV2HLNwVkpWey0ugpvkN9ZKtmzrJbS17nkGIBaVYqNlsbeiZVmXczzT7XQBANVsmYzTbRSLMeNsFVqzq+1DUc3E1j+QnqtVlcHWai4CMTQY9+Lb/gj+ZGfNTxcuDR+LT/AJwh4uVMkoXt1Q7qThbKtlY2yrgExOSsdlZRYABcUNwooXlMQvO4VT4dSet5YSqM4ApaqkPaW4o9lTs9GjmD/VOfTGRWJg7FNPqu8gPqjUdMSMwukePx/wBE2qQAekd6Lpmxic+PdCrTkkucnVmdJqdfMJ1VgA6ztPNGqzXG7TSU2rRI1z9101LIiP7o2ikZEf0lOtDNRDpy5rp+oCAPr6IWnDixM6rh24yH7JlurhzXluJkkBuGCOUqrXtf2osxiDmIaMwVVtVrNcdFgYMGZ6MTl5khMq1HU6YcaYLYE9HOupVKvRYWT0D8eLrYY0K+02V+F32YZwCcMar7VZsPRYQGR2AEKtkBPRWVpc30l0p9vZQJbTsbDmc+yZVLajHU34qQY7LI6oNbaw1/QjGcjyy55qm0MY1oGQEDiFbQI6Nn8yy3M+F9Lsl9d3/zzVH4jP5h4DG6O5VD1UELimod12laxQs5g9Y5BbLoE9d+ZQHAK53lMQvKN5TNeG49r1agahykfupl3bH911dJd9F0jAQCCi509Vjv7Isq4sWELorQc8YCdZ3R8QyhZGOHWkoWakABCbZqY5T75roKYzwhGz0iewF9npfkCFCl+QIUmAZNCDGjkFhajTafwhYB5ItEIMaPwhCkyZwgLomTOET5osadWgrA38o/ZYctFhaNAEAjTadWgoMaOQQYBoOKVtA/D+q/e7LutL4jPcId7m+e8Ep5kxcLimod1LDarRm7F/2VnoimwDglHVC4puqG4dxmvDIlYHSgALsKgb5UcA78dxK2h2me27ks7o42d1KMbf5h3yO9vdCCKF47tsyz4W4yNUBwSnIXjtIbhRvZr4Ae7lFbQPXaPTiTvfXcC+ip9pv8w3B3490Kc7E64oXDVDu1Nga0DhuQ3BuFG9ni5RVuP3v0F2fE+l87uXlcyMQ9x4nFxVapyGqYLihc1Duw4RTkLymHLdN9Pxgq2/HPsFlfPFzU3wudzD1moeAHuZVV+FpKbJMlAI3C5qHdheeAVzvKp7xRVPn4wVbD9+/6cL68Cd3JD/uh3gd7JVodLg390wXOuFwQ7sLzwCjreVT1Q3iqfPxgq1fHqe9x4f04YOaHeB3olEo51HH1TRc64JuqHdxeeAU5C4pvaQ3ima+MFWg/fVD/ABXTuRucua+vFahp4iSiVKbqULnIoJiHdxwynIX803eKGvjBVYzUf/MV9dzLuGSyUppQ0QvHhpuKbe5Tnc1DwM7jkw5XlFyxhSufjBT5xO9Se4/S76X/ALoIIcvEDcSiU24p9zNUPBCjreVSOVxKfU8lJKCB8ZKdr3eU056oIeHlOKLrhfUupDJDwVyFxVM5oJ8rCoRCxEIPQ8XdoUTJU8X6qd7K8E6IIeHSnPWZQYFhCi+qcigmDJDwVyFxQycgijcU5qnCU05d0HgdTsO9jfko3Z389/O4a803RDw4rAsA3SqxVLrOTfBiud5TTlcbynhUD1O6BDwKt8J/8pRPsvrvTwI9FHpvZIHzQ9PMIaIdzlTv5eSy8lldldChQd0cE3Azc5VjkVZRkSh4MUdb3KkcrjeUVQOo7oPA7TlRqfynuv13G+yCHcuag9xm7LyWSgcFyrPwUnFUas3PVcqk3C0BDwYpyFxVM53lFFFU8qni9p+BU9lz7r9LgmjMe6ah3ErmpPfjmVbz1WN9UwEKm6Qnp3XqtHqh4OU5C4rQoXlFFaOCHi1q+BU9lzm8zfPcmajLmE1DuQ18AthmoweQTAmaKpoqIl5ch4QVzuKKYctwhOCITD1R4qVavgP9lzUG/LiZbn03GdpvuEEO5c+9Dd5qtnaHJgQVXRUWw1Dwgo3lUyhuEIhU/FSrX8B6+l53fpwc99mrfcIIbg45HeRuG6D0j/dNF1TPJNHhTryhk5DcKITNfFSrYfuHfS43ne9uDCy3KcY2e4QQ7lzPehuG6Ou73Qu1eh4UbyjqmFDcK5oeKFW34B99zLj571P4jfdDRDcHGHEN54XNNUrEpvbqbiUxDwoo63FOCYUNwpwTfFCrd8H68DPuNP4lP+YIIbg71aKzaTdRiMwPbmqe1WNY0VWuL8GJ0fuqFq6dxwUzg/N53yi8BYkLygbnVWU2y5wHuq217O0w2XJu0nPY9zQAmbQOMffHXSFZ7W+rOOkWjkfNeaZc4piHhbryhkUN0pvihVu+G3+bvNH4tPP8QQQ3Bxhz4deqyjSfUeYDRJRtVWvWq1CcniHD+HyTqLXsL5JPN3omWivRJYwP/c/9kNpWppd969M2vXzxv/oFU2xUaW9hy/xl0iabD9VQ2sKr2t6ID/mT7fTaBrBMShtGzwTiMecIbSsX/wB2aNtoH/U5wvt9njJyrW10hrIg6q2VpLcDp8yiZ5yUC8CA2FYXHppd+Upjpa2B+60aU27Vyb4Y68pyad0rmh4mVb+w333Pqv3vz4Oe/kqJ+9p/zIIdyHDrNa5jg4SCNE0uBidULTUFLCIifLki58kh+ZKxVojH7qao8jnKqHFpTRH8KHVIIkJz3fnJQceziy1VmZWObcJ903p4PUZlr1lVLpxdQZdkJ9TFhkycUnyVU9IQT+3JQBoiMlSxdMwM1VHGSwEiQEZDImfVBEpiHhhR1vcmFDcKch4mVb/wfW48DLj0vi0/5ggh3IcIqv8ACf7FT6eyabvpfksvJQPJYUMQ0epd5n91nz3aU9OzJWB2NzzhjCAn9koJ5TBkh4a68oaobrkw5eJlbQ/B9VHeKPxqfuh3McO21BTs1V55NK1KGW7F2fAlT94VsgM6N5b6T7qr2UFq5BDw03lOTDuuTEPEireeu32Ud3lUT97T/mCHcxw9qf5Kt7L8W6bhTeY6pz58kLKfxPAHpmvsrp7WXLIp1J7fJEEZHdKaC7HC2XSNKyAHUklVuwpgKmgh4cb3BNQ3Cm6oeJFW7tj+W45d0m+hPTU/5kO5Qhw9qCbDaP5Z/ZDthRfN1OhDcVRv0JhVLSB2Wt90XuIjNCsR+IqlaCNTI9U5jKjXFg+iIwmNwqxWdrhVkZzCoDDRYPRVOwU48kwIeHuvK5pu4V+JDxIq3n70Zfh4UbufBCs/xqfuhuDvEqVtIYrDXH8M/ss8Q3aTQZc4xh5cypq2hzabGy4qjs2lZ3NNUY6nMcgumaw9SzNnlDU+0YCBUowTl2J/shYtn2kjCC0/wmP7qtZKtke09qicmu8p81aaeUj6qb+asr2htQ4/xlUgejZ7KrlTcqfWeh4gdxyaULyjr4mVbo6XgZ+V54ed9D41P3Q7mNOCRdtU/wDBVfpP7oZk6o/+72txujNVHNdgp0hkMveVY7NTsjXjtVDzH+6BwkkwXH+i6TsjzdAToPRkcnSnCnVHbhw0I5KmXVGmhXaM26+acypRcaT9QJb6hVBhqEDcoWPpqWJz4GI5Jg6jfZWt0UnKztgId+//xAAtEAEAAgIBAwMDBAIDAQEAAAABABEQITEgQVEwYXFAgZFQYKGxcMHR4fDxsP/aAAgBAQABPxD/APTXqV0h/jO0qVKlRipSARgEoyVKlSv8TheSnlI9qaYAeWLdC3F92FDtK+8Q4Ll1Jq5q3YU3dQZqDtXLGUXE95USV/iILlSsFuhoIo0M7MXcVEpe1tz2MI+6bMRS2PhG+e85bblqHYgjiPcp3Fx8UvrjAuElf4fYFwoiXBcsQyzuKCzXQRtlV3uBtVS7+VByNsF2KzcKnO1h8zSN5WbS1nc7S1Ioa2xvFTyTmJE/w0EqBE73FGK9zFinaxVt3FN33gXi2bMGt7uW00jq7hVRIvYj8y2LLhG2FVFdWy6d7hSPfli2XqPK2w5UC8k0xUr/AAu0G2jAB3IYpK4JqLuIZd6nywSLqNsI0dj8SsseIv2g+xEHEL4hElJBa4lMD3gQvzKOLnFaYF28QBupdxtzAWRFEgmrlDE/wqPthK+HYlvMdDeoF64jhuDOICXNy5ctLTsuJxb94XPO2pSvMam5Xc4VNQI4FwXYljmF8Euk5Qp3cItBK3U4wdSxif4SITLEtit4Ui5JeLqU8S1ltS8FwQ55mrdwSWLqKyyXeAVmiLcKrjcR7z7RZbLZcTAtZsjEoDE/wiuyPc7SzmpfmKvTebyFwCFHLRLws8S5aXOYfEu8Ll73GVeU+8TBKgXmUeENVsmr1gVdTjMf8HkopFFi+nqXZi9y7l5ucS4M2xcv3lHmUzcplTbvhxLl4EYq6bjKqJ/g0wmseY+unCdY1gozog+0EvcteWeyWyyXcaolzXiVU+8APE9idjjOT/BZhbIou/SOuqgtlFLflyB3l+MGLxcvBlMqsBLqXLMuR5P5imxII3pif4Msi2+WPMegOY9J1cQ7rjs+xUr0LwITnbPbLe81KO7KmvMTemVDBc9oJUNAsI/4HCaRJGE2HUSzvHproIEqVKlSpWalMqVKxWO2pTioUlQpzLhU96xvGpZgIDtCWCB4MNxP8CCZrZnZTbpi4txjklOCVKxWrlYCWlSpY1NICoqJh7R2ite5LS00lTjCYNF4LSjzKe7LXV6neXBi+Ev2gLvUs1ctdOmGyuGN7yon+Ag7soI+BZxFzUqGBkJaVTKzF4oYacxV+ePFxC1Y9xl7qt1deYCx8XAC2jn38MvbX/VQEpeUqGklrhlmWcKlJtxZ945440yjQXuDvNMHviKEWcxRKp0XKcbgM8bJQ4tGoVPJGWwqF6l2Unlbl2xNhHwxj/gAO7FUSXRLKilVFtlYBYjtBviHwu53pPiKeBigW0xZjvtRGkeyHyS2w4PIl3IdAws7jizmOqgTwd5zReA+IUUoTZ2YE0P800hI81GAmzsJzGTs95f0rTRxfs+8B4Ye01/TE2hzyO7sMs0oXPt3QhZzVfmHtQh0UbFg1hFETzUoSm/tUfdGKZTLq4quKIp1cUxHA1BIhCWJpqAr4ZcEnJET9/hRbApI/KItcQUrvBXFvFQisqMrUoNhneaPiJHn5JdHM47sYXrQwV217MRFA+Ri+QDtWoNWhTVpuN9IX4eftLn3gLBEl0hoopeZQuwrntC43dkdMudteEYtfh5OL9moRF3uHac7F9oZzAN6lbTyeYBRf8iCtQ3z4YRZuWF3dzQULBe4nuxqsBuw92NTcuzUUaqIRTKgsHuJzxKGJNzmcQaid46pgeSoNnET9+jvCRRFXEfB78xguxHG0vzAtCVW6iJzzEeFWXUIOJ4ktLwTkLwvaP2iGx9gm3YnKxqLShcHh+6UlKgPJFjcEgF8kqdIktOI3ltO/f7+GUKRHdNwbXscI7blT7+fM24lDtBdRcB5I14l/JKjQ1c8JL+EhrBuPeUSNJsmu8rxgSXBjDl7wa0zsXxLC37xpI/vsIcLIFiX+EKl8rKQJygk2PlYEIBS8RwTYZx1NORJ0nKEVNJU9kBCkCUyUiGClI3lK2XNHUqxmuKGaxlMfZOa94L2xmeH4iNKB/MvvZhDUU7Rikmkl1KUrFD8wYN9RiRIn76PgtZtQil12I0AleW/EViRot4Il50G3zCaTu1Eo1KnvCIIIqVKgSpWCSoEqVKlQJUqVhUQlLgIkRGWWGH2xhYmUmtPaaNm+8YaKljxEWFpwQ8oNaZ3TcLUMSBviMO4iz99BZcEJKx1U3aiL4JlglvjUEtidtsSAcXEpQxxxiCDNQM17SpUCVKlS2BFSoEqVGKqOCpUqOBhGDL7I+2PZ7mC2G8k4qXETREHcIF/P9kdAOztLSsCrv4lNCTfITTOSJ++OP8AOESsW2OoOpQ7RQUC4lqllixKxqHxNUKYIEqBKlY3GWwgMqVKlYqB0VKlSpUqVFSt1EiRvCRmhEtMWqE2DTKdkVsomtnBBrbiIopGh7w/qd6oxLGD97ks3li6xwQabJZFOpdu4SAh2JWYiAgYIGpUrFSpUMFSoGalSoGCVHKQJdSsJFryqaRlmokcAE4lNwWsFImoQoqI2RyioFdjs+IiKMqlgvfv7woYr7QA1H97Xfl1Bl5XFWlmpuximo9Q7AEEJUIEMcypUrCpUqVKlSukyxJUrFYSVGDU+0cCQalFvzLJW2EMxBHJFCjZHQEIlIgcxdV44YiyUoS5um5atwfvbi8Mrk1BVgHcCgE1FwgOgQwQJUrFSpWKlSpUqEqVKxUqPQEqVKlRJUSMJEgiVqIgO5cQ2tR0/fI9dAshvZxLvcpZKJH96k5YIRwyiKlYnBqEEqVCBgIQJXQZrFY1KlQlYqBKlSiJhGVKlYZUqJEiSomCtblYISDsZsBXJK1Q5WByZVGhvtKN0wEmkv8Ae4NMcE7RhqBWAaNzUMAQIQhKgQhcCBK6dZrNZMGKxWHNYSVN5Y4S2MYkqJGEhoRA0l4Rgsrcs8mzNwQJw/epEYTIXLqEpfaMRQaBqU7lQIEMEIdKL8oXDFSpUqVOMVDNZcPXWGVEwhERxUcCOBIfZKAvx+JU0KuXc8S9lc3G6L/eyfggD5sVBagqKW3OACoIQIGAhBisBAlZpdw9J83CBgvKYqVKldVRIkqJEiZYrk4dMSJEQmmMJSnmWdolsJcN/vgCXG5TUu3LXjmIlkrRYKIQwE7QhXRWCVgMHoMM1hlYrCS8uXCMcMYmKiRjChSfI4e+mKruJ8Uf3uAiSqJcTkd2Ut/eCVAhCGDoEMkOk6LwuT0mWS83GMYuHFZYxiS1ag2MOvc5iYnt8fvblBl7wlmG2AhldsKhggMrB6FwcGA3KGGGo9FykuLlmalSiUJVRfGNSiMZrCOWJGMSMNiTnj4iJpySqK0Qt7fvbnCqEQU8HM4sq2L7CVD3MGDBDoOmugye+fv0J0BUIp6GpWOfbCx3KlOWLHDGCyVLBcWlE1oq4AVFH725wFqG4LdNlvmJY9QQhDP26yGN+kZsKOpJUvCQItxGnK798VUY4YxjEEAX5lSPtAnD+97GwTzCZBpNS4UC+YdAwQhneXJ03lu/RuWS8OHLimJElSsMY4SMYIRgmycE0JqFVT9713XdlAXzEFUvohcVBCODJgydes6i3DpuMuGHvFl4voZzKzUbj8ZYxwxjGchDfMOBt/e73MIztGquUsarqrYKlahHoIOoOLyddSpUoTvHDi8EMPHOEKg4vBjfjPMQjl7RRehjGb77xoKGyadS93AfvYG1gbYLVh4PaVhDBKgZMkMEDISoSpWWVvoYyxh01ArFyjLEiYTDxKyVWFw5EHUAAeJzfaFX/exV2bI+IbVLrMoGCELh0BDBgsh1HXUdRwFYKywgYYMvdRzU7xwxwYxw9AuClB3IQNxKf72YkFpNS6/lgg6CHQYIQgQh0nS9D8zvKneETDvBKldNYZ3lYYxlRI4cuDUlCK7XKLTxAS5Ycfva3GbHxSiHsh0QyQMVKgZIQgYvWLwdTlgReZtDmVEiODD0rLi10cMJGMetlPhYiJ3/AL2fI5iAXon36h0EOobhCEqsaly5cGHQ8y4scpcDUrLA1qEvF9DF30FJaxMJkcXlMHtgJs5Ib/e1RnS7k5HnBghNVCbwYCoMGUm3aO4tdpcGEXmDay6lKhhcuXgcGKjm9YslxQ3GOC1B1GWS4Mu8IjgvSxhFSw4Gl3r97HfzjukhoYIYHN1LlwmvMs8ysQPNkaruvaWe8piHvHWU/EM4XmcJtqLi4JBlkslxwoYOBHhg8tzhubJwgupROYiATmeF7m/mppBhpqOzFwa6HArTS397HR2uGNpwwZMrbhAzhD3QThKvlonnfdQfiFQ0l8Hf5YC01bv2im/NcEXul8pHYP37Qruq+Ylbd39pfbzfjiIIJ76ga0wm2MFzmXLly9y5bNJ8osYuiXizTi4l2TWNuOZTLTEk2E/MEDz7k5TpHk7Qm7U3xc7D+SKpAO9nD8wprSz5GCim+zHdBr2dS7O5pIlly4Zcffo7vn97b6haJxYIYJeGjbKiBvhjEXhu1+CM8XNQ2SAo8gGaFieLP+kuNJO1rvYgpZR7dn3DmGa5MFoDpR5YIi14f8BBJfntBiL3NCAiFfG0rpE522/EToda9id8vsEWUmoQPmEDBlwly5epZFWLGXHtjRzTPZ+4y/8A0YBpZ8wi2aORmnt/JUATg3nj73BGlL1bBroHbz8wp365XJDe88NaZtbB9hEN1dq7P9kuw7fcjm0FNdvt8xR8u6KYdZpNAjpg3lwa+CLT8/vbjgI3OBgyY3HycwHdXH5JsDRFFTgUUFwe++WABd62r8mVg29rfmlXRfeA5D334iOQ96W2b6fE0S8gz55l/J+BUXBuLOO3CmijeoLsHlS8RT7V/tJYFNnsnOSJ03EhFsMgy5cWURY7saruAgt/FBfusTVi1u018EJVR9tQrSPPAQTseHecnvxc2trK9ofurFxTZ9pc1B4VZKGlOx8pU0KaUlgo2duz+eIJWqfDZDY81Xc+1yqHa9ifhwsslrkhsHkmw81yn+yHLWW+43UfaOHFVFbq4lL/AHsqEVhc4QhkKYRPBzAA5dD/ACzbqm6U/AQsKqEo6X2Wt1BqotaTRFDYPFFkWH7l8sv3sfySl/Hvx/E0KailX/U0rX3qXPN7JUKVq8iQOg2IhoWXiC1yks0QClfbuCSHzHq21v7SoQPbUsKRHzUGuYQQYuXL1LwU5KlBX5g4cwybpXkuol9zgJeANQagQIvRGBfV6Ee5oHBtEDZhgt94gK4OaJXtsQsta9hjSX9m5V1F8bJwXQ+AwjVFvV/1uCCXT4VfEKwkFUGo1wJb4qh5PJ5JeB/tGXGlvacv3s9JVbAhgMKRPYJeWXdg+CPeqFFaH3iSqRNbK/q4q2fEFsKh+Gu/vCqy3w/qA3Q90sF3u9yid0/mFLV+GGWl4U2L7oA2XG20XzVM3bP5jUXz5gvv3ZHkoK35hXgf6YS6o/gxCtquPabndNIMFqDeLlI4FGGhthlFt4Bf8sa1tqtGiWOw9l/JriGoU9pXQF9g0TtQ1fE4e+/j+YBWhDsNfIy3RQHa7gKXKFkUIIsA/G2HdbfZOV28IblVtXmj+GWEsv2uDnB3E3X2hINHhGkfaHNDVrz5Ino5Pic/3sNR2p2QhkIkTYNCS1tFrgJTLR4WCKUOj2CJ8E8VUVujC238G4fDNu0fBc1vaUO05dQTcKlMIRi/MdRbtTHFsLuFgYMFgy5ZFiy44D1A2755jajyveFwFHgieSA8CPhJvNSpxA9yCQ7KVwE8S3aHZQPvLBSeAIFbt96gij8+0KKAcK6joHoFPCJ3hrjoFuc397g/BGBCEMLU8CfMWpf+olVBNFaPtDvNwUoQmupIMDCSoECEUGDFLypcWLChcbQJgLABAgkslIOWpqXNMOL4v4lXTYSyLbfMCMY94tv732jEMDLLRFOa6aykQnKgnkr7bh3h9pc0c2uCJQS2L7XCylbw6hxmLeKlMIQMCGEcMpExioxis12uBau3wQXl/wAf3PEvukF/7RB3Kp/IGE2BgXvBIReKGUnwhteGPeVtH97uywEJUMMY5WMicxdHffgj2d7QW1LTu7gw2PJoiPqMZ3WPjTDX0XtU5VV3IC2Qq2O+0To34IaIwTAwhCEshColdAcLFlwRazbuA5Udu/ksWgKgXHduPZ48wBmrviDa1CWgTzNhymwQ9luDq+6QERluoYDgMOGqfvgfgjDAwYSMYxJKu8Au2BFr27S9KAiCPzQLVr4Jz4OAxVBalABPtCFOrFO0CCbKu4CZsRLUaeSGgjqDL3FAyGC5xyYgiYRjCG2Cez2gSqAqPmwymKTvTdQN8+Y213t35nvllV4qCFgA1GqpY8AijjaoA6kYfaRVQods4MIEcrmvh++WIQhCGHBY2scpZqrXLGEDKRdEHVa+ElRFHgisCh28MUKTVNkgtFaL2FSu+pUQlWhcFufZVf2uALpv7my+SLrXKX8NQrTLNnHfAMgYEESoHeI1EtiYEVBEqIguYoJQAHvEiIppy7VOBcF+aZX7VuUW+WMmBaFaLqI7WieRqVBVrElF/auU0P8ARllDWoUbIVEocMPrnLsCEci/cP3xWvJDAhDFQZH5hlxsCMLxDLjRuaEEUuWyt3VQVlKJGxRBVrcKhTDvANxYlJC7iyzUF237RnbuVCtkFFDkGAztL7zAqMvY9tS6cIW9I7aolxBZ3qAWt7/u4yC6GSlw1SODxd1FKEqr7tsAvmVKQpp7SgNoDojVXEhBcjCOMQdQImOco95D95CLT3exKb2B2ndzuFn4dkpjh57YK+3kIQwkTUOB4S9pe71D239iBGjZNC/ZgJoNyjD3Y7ItUxtKE13oBARoKg5jjdB37QSppOZqNTdBAghagYSFU0uJKh2R2wXC25O6jIXwb8KlBdNWe8aOR1NB6RINjCmJuDdxGdjmAoIRpFlC3gJRApitriFebjKGHARyWnx/eIFWqiBw25TvUUY2jwaPZn2E7KokhrMQhKiYLYaxYaI1sAhSnDBlaDXbD3KeHxG6PAcMSoStId0GfvsQHMI1SGsA8qiFpuOC74AuzzLlh2AA78scnZeRrggYY8Qy9ikaMtGj7dmz2+YEGq1bDxbUb9Fl7UMtQe4lyOrUYAlEAlkZZSXV+YLm5cQuXXvLm7hY1BRxlUDFRwGOCtBbBlidu8Iln7zZOKUwc+f3Wg8lGCXwUMUu4Wy74KzDBziowSwmKyUnzG4lXNiPDwKXBnAg3kMevf4o5m/175KhEcRZUSXdHtN67Qs94IlQrlFR92BRbgggQwsuVghsfCVRKHYmvQMsXVMT7yi0pBNad1O1FOQm9dXa4F3+AnA/u7ysRfA/mFyi2uWUsN7ohI7PEe7HXScHLBXjXxNwHuoJKMBeqHR1/G/uo/hy5KICRj0EWZjEIQhKgSpUSCDD5ERckSt/iHYheizXllQwBRvzUVPYLqIllLoPsSi33iAO1XPdsg0laPBC2AtSiDUqB1KyMqInYidkbuPvhbNbuAAhuoSt/aMXaB+SC44uzxK1ukBR7S7u/LUOvf4sgSV8dRComBuPEsYdSpcAVYhbamjDp7asj+6Xr8ydx1jYFRYI3DFZ0EhCGSESJgGRqML8zu3EXvtUbXcp8MNrxgviEUyoEIQgYqIGsd0Ec1GxPexDgiTeBaliJ+Qrl4XLlmIisJEjBOE2EIsGV4suJpuWaz2tf7po+bh3O0LCUSO2S8i3HOUMEMmUgixfESorFaispcKINhWqIHtD2QBxWDB0JkxMjcqezEogOBmsaS4QIuQCVEjhjBrC5Qlm2VBNMYOoa+U/dJ2+9kGoaQ6QNQ0ZXwsJU/qwQgQwSsKiRhEQxHiInxyeNQpDYrm5u2wyWwSJPeFVKhCHXYxOgqKfeWdqjCIx8ZaChIEJMpIxjHJy6lPtwQgKmrAFDPtc/H7pdSCDiXWhBcu3UVg5cEIZWpsRJUqMeEwYYcDFEB8QitRNLYoq76SEMJ0jHBlStT2Iq/diQHiEBKhBASoFyoy4q6iRjkajOiUkdJqYYkRLworV/dPtuYNnA95eDY3KFUKlI95eBDBDYQdFSokaMomxdxHw4FCKlRZlCJDJDpMEY5IXCO4kR4ib4lYqVCBKJUrCQRIxjGX2ju4YizcnDDcT91CDTcoXuZWkhoi6jFBGSoVLZHckMErIYeitxIkqI71DyvCpVSom4G8Li4YHUMckDNe0plSpUqEVK6Viwxwyg7mmVCpZJcZSAWTRHz+61udlJWxCKKC5aOo9qEYB5IRXCGLQgy+isM1KhFZcVKi66DrOLkIQjDsQLlmIShkfbouXGMY5cotk3/ZKsbUHHedyfhT91/E4NrCixLlsTDv2EMCHSuDDqqV1vHUPUw5DBhDASrJWpV9okqVBJfoGMY6F8GAKhBhGdyV/dZqv8hxTUGKwE0HkZDLyYExwSoEoxUrF5YxYDgQlvUYImHcMEMmGJKlZYsYUjGON5GOJCC4anKaffX91h71Ec7YmKlA6AwYGHQEJXU4eMOSMcISoFS5cIBnZUWXHG0YCmEMji4Qm+hIkcO4xiy5YYb4GHOMf7sVPa0SyocQziGDyYLshBlwhCGCDgydVq1AuueCVUWAwJF1GSRh7pwiGIIxcAiMOjXSYJ03vCxjHCxYxhpSoEMGcItMOr2Q/dgWvMXQ3EIOOMqxgwxe4MGDCXFcIehud4y9QLYS5SOAmEEDwZY5wYZBHg56CL0t5egYsF3LGLyPUaNm+Ltv7s82Tq0wJZHNmCtTXSXkYQwMIQhBhLHiWX1gaTQqONI1gRKvZER6kPAIl4cFca9Ge5D3y85hKi5IOLwuyOupwscKLFwW2PEYQQ1gvd7Sj7/u1rD22AQSCl0acNipvNiXq4ZGDCD0hxfjCy8sY6IYLB0EtS3jUtbVYKCKJGAtm0gX7wSxMCUEGd6dtmPpbueVHLV92KiN+Wf70KCCd4mWLDorOpeVjFGLgsuM0bjN3FgBBjZgAPG393GH0/klWAkUSI7xKfZLIKkc1OK/GLYMUuEGD0XLgrlYLhnBnZipFFMXvmam83yL3mgBEWoIgWBuNJsJuX5nMoq29pd5WJSKDXEIAgnecEM76llxdRYxYsWLjgwpqFgiCGBuGa6C4rHl/dyf7UezQuJimKRcJa6hBgwhrC8X6DDYwPBqP0w40siLxdwhxDWeZFCFdx2CEO0YfbASubrtKAh1OLixlxYsWLFlpVDlwAjqXGKCB/wBAf3gpps6fECwwxRDWOIdNwgYSw3BwMuD1iAHU2GjO5YAMrAIxRlEAlIxEYuycJtG/4iAACCV0OLly5qLFixS9RegBdwmIjaESKTQE7tzo8H7xtDbObLuPES4naADC3g6CDBnODB6DgiJiM/KVGPERpiOU15m2sAvMBwQJDFkvL03GMWLGHeWUwqWeYMUkdn3/AJf3ncG8aSCMqUQcEIcvSQhgei8XLl9LFZZLjLIuK7sbriJELthkryEaKjXM74HTcMOLysYygj0LCs8EHWQW9Okdv3oKNkpdp2kABHuQtFjywYMMuCEHadC4YvF4uXLiy48Tw/8Aalyu1ziCKr+ZdpqPmDQrLKlz2u4ik4YaQikEqXi5eLl4uXLixYsehwLbhgWoj2nPtFVVbf3sMVPbtKz5LtLMCPcl7hCK8soXUsBgwZcMjLlty8XLlxgsReaiEEYpvzUbYOKwqqVCHG4R3F5iE4EGh7Ny9jLwMFwYMWXFxcuLFi9LxFKURaIkWsott95VSra/vkKkDxFtE0uEJyiwjGVRLgy5cvAy53l4XGEh7YO6vIRdJfMXATv71Ch+xLuWriHRNAZVTUFYR5jaWlOWXRN0VHSawsQgggi5cuXLi4vDlwwoEYbOzF1pPB+/HM5G57SjCGFoaLg2YuXBly4MuEuLNIzRhr41qDLWCeWXuocrOUXcOsWQJUIaIpFHUYNB7R0nuzk3x/RLoUdM2qppX3hoN4SLlxZcuLi89oxnCILl2KsQVWv7+r3duAwQrCYGDBzcuLGF8y8H3ZyPl38EUa8XL1He4VLLYoS9wXmfKEVS7jBIq84m8BLslEpqaASiGHlGz5IbVxLSWEvUuLlZvofbBZd95H+ALHdWfciwYHfQIMGXLgxaMAgspSVSZYPfAS3uxWb4w6Xyw0r5icWLxMK/MtXF4XILzC8UnKLSxvJxZ8kMQdC5ZTuS6Cly5fWsYz7PX/AHgHR+GDCEGGGJgYMuLhY+0ouxRv7EsPsWfLFRgm33W9QaG4CuEJuiDGN++I4KyklwYveJ3F5tuKi5eNOYUvcfdE3uMcwF3xDBbhr7RLTlEvvWheS+u5eGVnsT/ALaHIuEOehjEwYLhaHl171DQGtz+IdhzQ9qCV1sFfD2CG2XUABPNm7TLveAu4G6JbgUhAdwlizLxWB3TXdzhR0WztQfAsX7biPONQbHxCVAG90F/JCqnWYQiRmhjeaH/ANR5R/uEGDgw4YYcW7HRUGqdxUY0pUpAN80Rt9IS2z7QXYElRXc07IrLqKulp/UF2lewSnmdgwmqXcA2A9oIV7S1CCA5tlltTHWZwbLlsJD24bZCgqO9I8KbJfbIJSHJWVx1EMLqbuM2/w6++v8BbH4WfJCEJe5ZLm+m8ODuDsDDVW4zrtNCBYvaVYWtTYaubIoSlQs6+UDSt+wbhzIJfawFUWiTgiJcFOCIBuAVnthZBtwvkw2iLGb1UrQ30TeVwoeheLlxeZSHP8AGf4CurgdwkEYQMuXFJcvDXQkCxD23NbwG4+BNC4XJSXBlxx5gLzKcUvUAJXROVo+CFQMUy2Li8XaXg8Doq9Bwyjvr/AcPkbPtm5cvoXprBreskMRDiMDCQKS3mIAl8R4lsWs7G3iI8sKsCKTlKj0j0XhYSK6CK53H/AdtOtz5IOCDi5cuX0jiiMtOgT4lJbzN0EAPiAymJ4v8S03jeFMSSAlQIEqMEegl4vDFnv7R9/8CexwwgJ03hZcM3CEIkGsCSos1L98CMBiy5csl4uEBioEIxdYl5Yy1Lta/wAC7G71cXLhlxeLyIYS8ilRJ3gm7lwRjRly5eSEIc9CxYxly5fRcWLFnhm6Pg/wLVp7LByeiMGDLwxiXKwUrEiRW8EqcPMBYgQgMGVixYeq8XFmmPYf4GGpd17GR03LyQYMGXjhCyVBKCluJKiIm8wQwCB0XLi4XD0uLlxip2iv8D0wvZZcOuoQwMIuXLlxMJhxUreFSsVDA9K4Y9V4cKLsR3eUr/gjfOr8kHFy81CVDJCDm8VETUIqIhCMCKlSsVlZe+ipXS4Wbz0v8Ejc96YMGXD0SEOljCUtq2EsnOFnM4l5qVFh9FwxZcTbUKqry/4JVnwkDZ7EGXBlwYdVQ6mVHDBixguMIdCXKwktvL0KXgNhQEUJ12P8FHM2T2QQYMGXB6joro2McJ0VKqEOOp6rly4sUWBtaO/f/BgovBjEwMGEX0EIddEozRGoEqVKLw9DGOHLFixYsA40bf8ABqVWGMSXBgwYMcEuDk6LwHfFuCazcYsFqCvDHCxYsuLFlwhaPAf4N2iSOEwMIGXBgy4dYs7y4YvcuXCMvFxQgy4sWLFixcGFuDG32v8ABu3xxI4rJAwYMuDBgxajxNjBIsZcuDGsWsXgiy5cWEWLHAsuLGkuCGPvD/Bp/HhImEwy2EDLhSAlku5cXF4DFnaJCXBl5Qy53uXHeosWXFizlqcwIQwrT3f4N/j4qJGBGOLgiBcAKnRtl6GGC8Ligy4s0TVEuXhtZL1BOLlxUYsLFlyniKecCBCBO0/l/wDBqjTdJUqCJEiRI9AeAflqFsrcgVGW6nu3KH/BcCJpSrORgm4FuFtkuPloi7jmW8u87rgkZdcuT+sB2suLFi0YARbLwECBAgStS/3X+DB1E7aAAFBKiSokSCMcJHFwLhco717Qo0xrrTCxO7ssUl9sqJJLAlnl8pHXCy99oAmal1K1+7GE/mIXYoO9y7Lmw8QQg7i3sdIgQIEqVAxq7Hj/AAWfvT24DBQFE3bKxUSJkElURiRjjThYNCBoWryFTjRx+TFoul8BO6be0b0XKm1+Ja+ZUB1Zb2JUP8zbibmsIUJdpfBKloQBt7x5zC7yQQIIECEVKhoAiUkuY22v8EmhatBK1bFr3ZoY4qVEiRMDCQRiRjhWKO+qPmU5seWLVpb8m4y7Ffc4PEeyiwXkq78EdUu5TS+3tR9oDQmoATcSqR77bEuA1EwFJb5gw6BBAggagQxUqR7zmE5XhlFpP8EWshK+WPErsNmCMqJgTAwMCRUSJBUYrFMupsSpNvKNRs2q6l3W6+YD5lDvAu6gQhAhKgQwggQIEDFRlYvvC0uIg0We5/girCpTPggS5vJgykSOAwwmByARgRjhY3KqdsjCGAgMCBAgggQQIEJWGGt7w1faNy4lRFfYX+Bmp7tfwIQBGFv4Bn2jDFYSMSJgSMMMOSsGxCJHiMuNZIG4ECBB0G6GBZCAgZSMbqQ2CGhNePL/AMDCT3r8ITYhGbQslgXwRX0pKggiRIkSJEgPQg7xhMpgKEEEkkBKi4AwUQgIErCQ6iXTZ0qpVE0yw0+3+BRItaIJGiIQliKl37CeGcUIcYrFRiXBBEiRIkTzLMLivnNGHLAmyGAgJVQIbQQMAgSsVKwxag+4YZK3UYTHCVEIUXfwf8CX8C1JgiXFZzyMr1XQKlYJKhiQRIkSMJHBci9HEkGAIEICGAEICVK6T0w3a0fxKSMZU7b+w/4DDOxBBXohWAgRCVK6hYe/chkxUTCRIkSVEiRJRGWfZjgTiSQEqEEBAgQYAhOZVZcKWj3SrgARRIM+pDfSh/wEurOj5YECVKyLnfK5OirKXEiRIkSVhyKlRioiPQFYEEBBAgQIEDNYZoYVO1/iDU4IxIkYpHtvz/gEM7SggyN1fuYGK6b5bQ90G+isJEglRImFYVEwxIkSVKwqEEEBDACoErFSsODz5VEABtcuEjGJArrpfyIiKPb/AAAVmafnAgddRAJHaN/4ihKwjGMSJElSpUqJKiSpUqVKwqGAggggAhisuGUEQe+NEIxjKiRBElEFfz37/Gu0oIfYhfyYEM1ipUMCokqVbumIxThIkYxIkSVKiRImFSpUIqBKlSoECBGpAgS8uGGn4lI1h6Exag5vf9/jFadfOVAhCB1pqOBLJUnfYw3iokYkSVKlRipUSMVKwCVKlSoRUICBAlSsOVj6G1lYbk9aRUixKmpxt/F/foWwAm9vkyoQgdVZQhsMQjw8Y5lRIkYSJKlRIkSJHCpUIqVKlMqBAhABmowjN0AtXU4Kew8YZXWwnNCPg/fr197XxcoB4MEDoqVmok5iSlJAX2HoYyriVKiSpWKlRJUqVKlSpWAgQOmpUstBbG1Yr0WMB6xBgEUufvipafNojoa3wJyT70P+wSpCeFVyQ9GughEuI+exw4cKlZqJmmFYqVKwEDAwqVhlULYddX5S+h6KwypUWLO9bn9ZmAv8QhS0nfaIjSU/vIIP5PQSq9t9oYEBwEqDYKaJioHp1KySCT3i6HorFXElSsVKzUoyQjN41eDhoDfdgVKeipXQ9MMoRHJDlD4Rlp8P3jhD4Sv3a3Tr2Lm/+7Km0+xBkYOxDDaFZVE5kqVk66zWWOh3ZPPlCNMQiYc3HN9JgIECVKgRlIIKAyZrorNSsBqUkRYwkSMBD5Llop+YgrQPeURpKf3PULeBqfaNJ2S/csrz4sqexChKQC4ZY6qHp1isJmrgCkiNhcXHeb9QwQvFSlcVQ47s1YwvQehWKnCJhMdSpUQ8kOEeU7/Mq7h2HD+4wVALZR+6RuHDT5CCaKEJCSjpOjizgZr0aykTNQHUtbUiiEPt6V5IEJesVc0RU1AoAJeHFemxh0VG0vL4lQ9DHuXFbtfGDunu0hG7/M4rfmGWgPKl7rO9a/bCdIexc4BDzpKr4sLlfP7AZZDeawgPRMOODLjg9Gul6EiRLDruQOF2wh6X1SGanBGqdQxLywPUY4OipUvFYMVKlRDCNhgSNv2qML7AkXSBd4aLXhK/aKFIvtDQXu+kVT9hogoR7EPAg4GBeodDcjpcCV9BWEYgxMqvJDRaIZrFdNYIQhWOP8MAejXpWLWCOalYrFyokqVKlXElEF7REA+/eKtJCoe/1r9muB8CoeQ8JzChe88sp7QUDAPVqVDIghpYbh6z0phLitPXcgmHCOalZqBAgQskqrllD6GsM2LKh0V1jKGJKzUqJh8EPZjKnxHEfTn7h+yNojyaJUhHiWBPfO5TjCEgSj1D0eGIlhXjB6r0MSVKiYOw6eSF4qblSsGQgwW0Baz/AMlUuMOg9KssdE4QgdL13hMUymWlMplSoJsuEqr+xGlp/PGpR2Sv2AeQvglGl7vFgXX4EHBvysZG0d0uH1QYg+pYIPqBKiEpiid954hvpSBAlQLhEAFrC3LgGKuHqVvoqcRgHp1lPQqJKlSogx8QLBHitkvXX5UcKTslfrQK0FyuX+AnPH8BPxpkJMIdNYrpr6BghggvuIes4rNYYwwkXIW3T46KwYqcQYG4BbtcuGPqViuqIHp1mpUSVipUplYrKZQYZXzhLhD7Et1Hi4YjMuyV+qWZvsSna/uzbv7TRKas+atlHBUJDKPWqV9C4Kp8CwdZqV61SuhgqCxiNlr6SUwuEvvPiFa58/TqwQ6h69ZqV00RipUqVEiSowYj/cGHv2HiLr3sOz9QDLWaV18YBCexB+IQGUfX3LxeElhArU/njpr06gdLhLI2qKdRJpvMcBGEDYJWtAh8MFx9Y6iBm64fWVElRJUoiSokUCRNjARVeXxFai/TAQKvAQtSHYYZM+xAQB9ZXTWLlwi5eElhGtcKGA9SsL0XHDEdhxObBqcm4lhve44fiQs4f3U7MEO6GOqY8FxqiOBsPNQwARLDhMFhuVKlSvQJUOrehKD6avSoiSpUqJEiROZ8Pcj8D2R+lCh3k0SqI3d7fEAxcvrr6upWbl4XN492aZS26afomMI4SghitvBfyfBGiq9i9EBoNEYUkvFzc3DfOCO3xfDBrU4RKX4YMuGFl+mYcKkx2uD9DSVGKiSoYgsYOgd7sYwEuz+jO0R0Ed+8P+cNiAaDB1nTUqH1NRhM2xgXDcunTBwYr1FwwNOacRm3tqLj2nvNqVTau1YKOi5vI4qwP4zGCl8iBBHUX3llYfSDpoPdgP0aowykSVio8PJK2W+Hh/RNdg5fBC+/NvJKlSus6a+rrIwwwtMrnANe5BuEPT7MWXFhLqBtdE4so4E/4hgAB2qUGX0KiQ3Ef9MD2C/2EDTVMCay9J1oBYLbB9XXrVEjCQaqeZRdVp8ez+hGjQfbhiQDASoEqV69Suuvo6lRhg0YnLQziAcX110LojFq3tHheR59hK02/T/t3hSo+oStQ+V8LY/EZ03N6BLMG52ieiHQ6JKIQ+vr00jCQcKGxl+S+vd+gaWzvxEoshgJUDoMV+ksSJDSWDdPHsy7rBmpXTeoxQLY+p8e65aGi6+P+TAB0OX0lodBEGkTuSootL4M3JQl3gyZMMqcFxSeCBD9OBC3IUx2hW+uhuk+wEAtffuXAQIEOqpWpWT9FYkE32Sg8DnA5rp7RgBWLDW0d1GnPs7HiJR1Pp3EpUv4USwaUdyWfGR8exmm4RpwSodYGu7FqBg/TREgGGzT4YVPw+T6wAFq0EMQrFwGTprprB+jJEl8tJ87+IQHB0Xi+ZcAiJ0Hfz2gnkxeH2wh/EuXbDmOXFSutjFgUMYXdqrPD7RJOSu6UdOoODrqeWKd8aIdfqQKlea2P3lJpKT6smvh3+4EqBDoPRTF/ozBLhiX2niEOhYMbw9tE6eV8EcrQfafYlCo6ixncxeLjLJ3M31dpUuhsjZdws1Ku/z/AKmF3Cug6aIcsrCH6iksgliOj5j6rtM7fsQ2QAAQNTvA6TJ1pgh+iMZcRFZpmteGnKSsNS448v8AgS95UF6U0qEJ2CPRLZe5bfVbqsODo84vW4zkhN2QZttN8eYjUp58+SWxZM1FAsa72IKIfqLExIIjxO44V9Tx+2/aGMDcMVk9OsH1L6bGMvIBP3gANji8OgjN0w3FJD49/gjbLb+YEJxJd1GDBl6cLl6JeyeGXPMpLLls7y4sYrCjNbh2EIvRpFr8QUUmzA6LlxQHKlBg/T3oEFMK0utvDBApa+n3Nm2CAGiCMGFiyesYP0Ngl0apacAlmaiR1/G7wWki329iCUGFQahOBi8Xi5csly4M8ziMZ79Am7BbKmUj8FRKd4r39mIFwZ2z3hzG8Q0SqEP1NzVJbofTDKtKCG4Ftv3ZugdAkW4RMHqJg+nr1GMZYYLJ9tgji5TC5PL7EfKrvbhXEvQiuhSwoudmGGXi2mDpuXjm5zfyYeiovMUU0JCSHC2eSXj0fhCkEwzePmHjEQh+nscVEEW4m4WdqEgkau35PpRUL/sYdiHWRhIIskPUeg/QWMSXxzcpvMYCi9s1KvT7nuz2ZQGsCaoKCknDNdG5UrUqEvUK3O2KRnMWsNoNQQwb2nIhKSRBwnJCb9D8PM07JcvF4HECEP1BjhURbcAphC7jcIij9GCoHeVH1W/dh3DDDKfQ3oP0FjgYqM9pwau4zNvmd/bEYQKiQCTlBKkSu3Q8MMax3fiGDh+f9yqpO+Kl1gmDlgFqBCVLIwsoCKJwksOI2efcmuSLgi7bzBDB+nuKnYwVBCJcqjQV+jQqqKlAEGXnp4gyfqThJcYSwXUCwzcASokSCBJc6gzfR9s+Pvjj8xP9mP8AgndwtYY6QgiBAxUF3K11L8qDpl2+NfDAG4xp+XAQ/RD13FDB1CMqX3X7w2qVSfQg9a6gsADA1nv0iPUqP6bXWxiTXN04oQ4JEiRFSCPSS9TxitS5Wo/HaHOXiU5AZUCBAlSokuOJq3UdgnhNVxBXUOD0yJ9G+mHQ9L1Ntwxw6NWmv2fQqqbsgEDInfpY/wBWZUSWREJqJEwxhuSlTiVDccGCrK8kv33PM8sr37whnUY2pUwh0tsVMG8wh6Z+jVh6gUYIkrcYxvm38hxDapVJ9Bw3dlKghnv0s0gifqlXKiSomEyJkLEmxGTjH3hLncLiDzAe8aHZLAapcNFN0TTcqLKcgisCBA6hw6WGBD0qwdFfUnp8zBCPS+dV7euFDYBPYQIkOjv1OhB/TH1GPSIkSJLTUFXsxDaznDK299q/uJNcu9n/ADHiD8t/1KLfwrTuP8aJRpfzod6z5VZp2b9oFt1/MqdafdjR/LTZfgVD4mBslo8mCGDpCBipWB0HpH1Tk9JYrxMMYY84qRwv5kRApGn1nJ6V/eHiJqGT0D/SqlR9RjhywRIISMPAtKEbsghpAnP7IEcSsr2lSoEvp1AeJ2QQamkqHSHSGah6R9S+twnd08oxhGAXNt+3rLQK/ns6jD0OEev0x6zD0scMYxIxhRraqU3GVuVKalGip9iGE94a7SsG0nnIXNaVfUOkyYPRIddei9RlyepIYMciOBGOQ234vVpNv/FHiJdBjg62MXMP0i5eGPSHQypUY9DGOS3wUx4iHQ5GPz0Gs5qj7xe7b+GSZIHQQ6jFdRg+ofWY4QwY5GDHAsRIQxSafD6hqG6z4MKYXESyEOtjNV+jg6nBiuhMMqMSMcOWGXBfEFlcJN+Z2hPdltGseYVvc2/BUD21H+odAhAhioEPoD1n0lyYPQYzgwhDOjFC2IwUTOxq2eT1DH8r/mIxaYZfQ4Hqn6kPQch11KgjljGMFz4A1+NRejv0FOGLDmbp8S5XpW+/QMCB0nSfo56THBDLOcpYYuHENawI/eFty17np/z/AO0cHB4I9Tjl+nHAeg4SJlwkZQFnvWOKNRx+ToCV7RjCbJOIxHNwwuAcMIECHSdB9U+g/QnohCGeU7QjGHEYY/fpnX5IYzyl4QnGL9A9EP0N9FJXpMY9LGUv2gsS+8uVH4mvbp4wwOZqeJ9on25hGBAhDpOgPqKw+gsfoHMhgwx5YMOGcGzk5GGH7ek7PGY7lWo8OTLhj0Q/Q3j6VjHDhjNa5aPyx6d+dSpWtw+9Sw/uDO+AuJjduE/JuVKgQIQ9Ah9XXUxek9JjHeYww5Y8sOhxdQoa+lb4EnLjCH0THD6+uk4+lSPSZSj/AOJhYXhyBua7dtczlpgy4ckTFQhdjkhg9Ah9Y9T9AY7zDDDiCmHVcQ7r7+lb4peqlKuOsEOhi2h+hv0T1mMYzZ8jG44XKniae0seWP3JrnbqX7l37Qu+IcSnBPcjb5NQhCEPQP0Fw+uxhysMEY3WoFbTlDD0VoNgP29KvyhDG52joRwguBgyxmn6tOXDEjhjB5Wv+YyujVJXMpd1GVcWea0y67walGiXKgS2/wD98IQh6J6x9Cxjh+gcHoDAOY53y9ANcIP3jo8ufh9G7PZi1mI6SKEC4Ket0P1Y9TBGMYy/h+J+I3Kjx3jivj7x1anzoZZF9/5lmxPzHkKS4J2h/KrmqCOyEG1wH7uTBDJ1n17GMY9B6TGKlgYMhw62PQUIfRCbrU4PTJ4JcSpeXJ/qK9blgjHC+/8Aq48YSc+J3l7hwy4NpK4qPusSUdrhEjOzj2tGCOyEMkOo+nPQcP0LHvkCB6YytTdz4fRT0pNwrCcHFx4mrHFCHvgw5cSH60xjggFeCXU1dtx1yVKlheyHzcX8ZHWty/P9RpCX7ls15qbOTiF3/qH3lT4SG4A6jtXYW+2oQ9I+nO+b6GMY+u4YtHziQYY8O/oH3i6fbfoAnnNyqfVFUQrgqcMOeOIeAY0kSnpZw/XDHnA2O0uPESjiPtae+G+YkpaleSNeGEB838w8Wsr53KDVh8Eto5/M0PiLYHjzHBO8HY2AfeEIYIS+g+sXljGP0DGPTiN5OQ9AChlUFC18PWFE8kArfFy2XrSDZeD3DBRRQgy4Zzg4P1R6ViwsPtUfPmVH7y/iV9p8RpuHFz7/AMQvcVpuIXj7yj2/BKZu9hLYPfCPxuEMmD6vhR1sYx6zB6LDfwOiuMfTVXwf5OsbHe5R2Kv2qOxUrTN/3YhhzkUUUHCS8sNQQ/VHDhw4MrZ4Ubi/xN92M3XE34hzc3uN1AavC5s3HcquOZygwfav86hDqMH09hDbb1rHD9EzlQVLqMEDH0yFHKvjrNhNMsXwMU3q4nvFNguXjHvmNQoMWCWRMXi6EIfqj1ODKvKb+CNVOLoPtULo3/cV43qWez7xJv2jwe8rx/qG91GvBB+JtP8Ai52d8Puy/FUMU2QexEQd/HvN88N/iCfwB6BkhD6ZQm3b1uH0T02BVXzmTBEti+mKjtU/I2dbA2GWhLNSvEislZryxG48aJHCEHB6FuEIfUX+guDNDfCSzW4u3wRZqaapuWa5hT/9jFhxLe/kw+T+SXTkm5vvubRPyQO6fdgtxbl48U/GugQwQ+mtePzKeisfpFpwWLAY9ow9EWiP2AafDvp0SaRcI0VKRhANmMsQ9BHKYqEIQYkSpccVohD9B39Ex6zHQXXgWxV3upb7/NxIwCmj5qU6n9J7ziF9oc8y1bJ5u7xTRr81HX3wf+OYeE0IK9z73N7Xf/O8DJgh+gPq3Li9LFqdoouDojqeimjVL89IX9uLNo/MtB8sNJVGCCOGQhCDBhszxi0hB/R739KE+yj+IhXF/aV45jXN1UrnmWc3EKqlNHhiFf8ALKr/AJla53HRyRRIlbfzB3wx+PvO9KTncO85rj5nE+wMAhCGCH17l9a+l8YWToj0qwLUHT+YmGyGWtKqovuM4ficIMCM0WBCEIsGS1CEOs/THoY4MUq5otDh7Rfe2PJQytGu8ZWp/wC5m999blXxEqpv3p1q7I/P9zdRard3PxuFLdfeVVaahXtOxZrCrj9gF/uE4ZMGD9BfUuX0seSLGHSMPSFLhT8xU+UH7ZWFuoK2KOk0uDy29k4Rw5Qx2RQhCGEjGd0GEIQ/VHDg6THE5vaXRwoj8yvbcoO2vYJW+GW3z/M+VzvKSqP4i62FE+H9QR4p/EUlxrhmva4XXeBT4fxDtsl00lQ1i1zXvwwIQhgwfo1dV9bF3FlwwMGMPRcNSUKHxtkSsR2SU0oksk9qQKWxtCvSzDFx46RGEMGDcZoofqT1Mc7H4b+I7cvFFkWmhde81UTaanb+OZqXfYn2m+y/4x/fzHnYn3uXztfeW3u5VxPeiFzR2gwLFqrYITQC/ZuLhwMEIfpr6DF2jBDMjGHpmKcjm0C/wIZtXx5gZbXDLf7AIoI35nHPXoHEhCEIYqCnIYIdJh/SnpTFUsEK6137se6bexFNa7x94vc7Ik+0tqo7sOZptHTO812Yr33NbmvJBNl/yTmfmezfmX7tQNwuvfwxbL5Nz3cbAwQIfSX9Q9d4ZfMuGFnGEYw9JjUi6D9sl6DBvgiQZxik95YLQN+0vqCXOOY3HCOJDB0GyLpCEIfol+s9LOcvvmn5Y2vIzZrTGkXxU3/4m/P8S3f/ACjfDx94Xu4p737zm9I/ab34j/MLNipPd/3AOXz3JdML4L+Lnbl9nmDzUKGd+XscwkXdU/HSMn1T9E9LhUMHUuDHcgwxh6ZGWIMVXLmLnUI1Y1Nvzeibsu0PZJezfSvGEcSEvN5aCDghCHQfpr0Mcc4tHkIFO57oxo7p7x52keLGPu8RY1wMaHt/E1Ke1M3VV28YfKBux/v+rm9d5WuTbLeN1gp3Cm92/Mo+0toDl23Kn4CBggQ+gfrX0XUjiCGNugYeprhq7DzK3ww2EAyNhENnLhBgY5YHTcWXE4IQwOT9LcPSy52x0HzfsRL0G/iJuNeEl/MvuNeYqVsg05PbcvZT28xgGtNRE1TL9n8TZws08yqcfgl0l/M4rcG/H+2Dw4vVtfwRUAlK3b+5kQ/VmL8nAwzm5MeYeg9FQm93xkT/AGhiyDhLUsJVaui4xwwZDoccZ3mDBCGDqeu+u+m/qHOko5VEL4Kd7jW6PtPGpYiUyy+UivkJ3bfzB47Tfn+5Xapp7RD2+7PcD74u/M+38Q3cvXKw7SkIWgfimz3lKXZtltD9KvFy+isVhjFsQ5YMmd4eg9FS8rT5N5dKVLOYtQQ5QrFcWTBpnLK9MyHU58EMGRh0v6FfoMY4v7D/AJZwBr8EanE+6XcOy/sT7rOXM8Gr+0H2I12IeV8x77YDqv5n8/gle01/5YXcLvRLOGX8Ou5f+yNWdj2XiNqXaj0B9U9d9TLly5cvqrCRjN5MuJhwdbHoAg9yFt7X8GK0JBVpojGhrmP/AArAjOMNdIkIdFxYaMMDgYYIMuGWOb6bhi/QvJm/UeljiLu2KojySlaliWV38xXvua7z2uPzC7i59475IblkseEi90lfM4gnZ1CGqlBbt7StUf8ABNLxiIfo1y4w9QFwZfQxim0DJvAdB1PXfC2o8FWTvnC3O0b444YFVbtEMOPJ0Kh1s7IYIdIy4Qy4cHSeqeu9DlxUm9UfxcRrb/N8fefBY3ZFrzxqb8xX/wAz23zDySm5T4/MR/8AVLNb4+Jd8MVqFvbv4lHxHjmd7JS1pns5fEK1q3dge80Lzbj3IQwPor+iuLFixh6YXCDBcuLFHpm+83N28DDCHq2MsW+zENVXc2icaENwQnQGGHEVjMVCHQ4ZyIQwYMGRgy8MSOLh0HQ4vrPUvL0MZeCv/lrUQ2B9tVEv87uo81/vLN+Wc99xedwq+DnxK8bqC+Z8N4K1XEPfU7f8XPtCua5g+84a3z34jXvXYr+7lzia/wCSEIP0V/RsWLFFi5Mkkggi4wsoc4y8KHWTHB61w7xNQLRvhsoywE01Uez3vk4co8M5xdRjgrCEegcXLhBgy8MY4GOGHQw6DHeMIw9dwxjGridLvke9xf8Aj5n/ALmL5fgm+yRNuiJcV57+ZaHP8wXy/M3ff8R7UMPwl25/k/5g+8q3ZKTRg1Cb72le87Pu9+IfATXFCH0761xixiRMXLwuDBhBguLHwdFbg0Qwx6D1EaUDZ5iKFkAsEsVLIlVPDDgI4YMJB6GOLsQ6ToIMvoHI1OYRg7jLhGDLly9QZepsxhLw4sl+sxncxq7bV7+Yr7y/bCXz2jfhv3l+blPvxK1sQqIWjKb4mt0VBez/ADH5P3Zu7u/zH4jTX/UoCuIV7r8XANagGuN99Sg6N64R4nGmo68CDR7Q7Qh9O9T6ThjGOKzcuXheFZ9icIY5OJhwevoGBsYFQeE/xLJO5nCEcOGJjlHCGVixwXJCETBi8HTcUYwgiz3hHU0R4wbw/GN1BtinEaagauEGLE18yvT+Qjkw5URCnHiixg4ei8MYxjpvClKNCiJWzh94/EfiUvj3j/Ou8v4nvqa7TXAQJfz+Y/LgS/8A1f8ABLdp/H2mrhi6YBWoAXzT4tgMGEPpXqX0GMegkroFSskMbQDDxBeIwxhg9UXFw+YKEfWi8PYVpwhGM4TRhk9EIYWLLwzVwh6A5G4RwLcGcZH5glqVAiUXwe8KFt1cXZVKmjO0u1P2hlq6lO6BcoDYCyppYjGJIt80edlRsCGgoTt95bCqaNeRUb19NwItG4onyy88t0pgr4poTo1aqxFXQWF3NisBrQgGANj7sNV8lFN3ejUIlpFK57oCpz48bTwGaiVLbuld1y4zuEB12uNHsLqgVdo2TaDOvLwhCMnRLxSuGHVhb7kH17rQ/c9oju25RbfPllDA268b4ldT0MZYPdOYXp43NWu+xdrGJ7/e5ZuKK3wfeXxvbwSzsyxrbL97lC9o3bNeZbzKfeOq5mirs+2Ncs2feoO5v34hWy4lCq2/2hCGDB9G9T6LliZCo4EiSpXQAq54Tm4GGMPRrr20wjOjvI9dAaMmOPEGTnCGTlxEMPWMMKsujsSml1eD89oF6jvQ+FyjaB5pSJdtzSViLyXtad2xFUy+02ryE2aO23f4JbKZZIKVcpYX+HUvSpfAf6xQAXILPnUoJjlN+4WJG9TethYPObWwk/I1p9iN11TsAta1EMEFLSm9Bpmo8bjW/ItSrMIt/mxW0HyTcKHVX4jNxSWnwq4Y6KNvYe/zEXlBV9iNy3CtD7MIgSyhal0xBq2eLjrMVBPxqK8oG4ssuN7FLLcItHPcuX8ESD3agH2BoQAAefjUGHosYqb4fliBUvfy3FfM0xXe42u7cX7st5tlstmp8J9iHbFdk/ia9o1X/cuU/nG+5r8Qin39tv8AEqcauPPZhCDgYdR6z9IMsMsMMVKw8Q6J1CGWHquAaShOBwsX8pc3z+dzjlwNdAW44dbgwh1GQlwKKsK5rYxKBNwtYWlIFLe46w1RqVohV5amndugszY2fMBqzgs92XBowtOXezUtxEBL5W/aLtvdatDae243Ro6Ic1jl29+CUbVcezpLj7A9pfWiiDcmzdQXtUX9CoAWdt+0pW3TraCewupO5VFNQjWpegtd3K30XBLk4QgAG3ur3VeY/koOLq/aaGnTurYTdaqKUty7XVKkhoLQLR299X2gffnQm/DbKoOWPF7GVTxKUrrzKQQha4C+GqgLV798HQy+hjE/j/slPHjg/wC4iRWv+2XuWKLl+81c+GXzCm37T7GL7P8ALf8Aua9pVSr1XMadn7jD+flmr5+0vz34sh2qWHaDqhR/Zrx5hCHQX9ER9d6SX0VgwwxU1XSighhyYPRY5qVkcygUYtQRgWB2nDLGc8uE0xmThxyJw6HpMbhYjfaDxDuBx/EYN1tae13ubtNFtlHs9yOwTerPcgUaTtcAl+lHMUD7unTXMOpqKaqza7mpQKHO1ogAlpQGkEFBbTq2KBLvs9oK21ocrucyi0u3ZqBA0W7aWoxHAN/f4hhB0zaGrm1jXerL1u4zSyxo+8tD+mXRvSppIyeyuaaHLiEMaxm1pQYY6WoMoasKEERTXe3UDK+WVZ1ytMAPbNVb7PtL1PkgfAw2rtouVkA0R2wYvG8scMdN7/2iPvXio07Xk+ZbrZLn3Ny/KP3ZwlkHtf8AM3/5Ze+H+Zsd1Lvmp30wTc7efszW40Qb1UvWuFgxb3v7y65VS3yn3jKt6CbhCDCH0gRJWFSsEiSpUTDhw9Ny4PQkqJEioCGXYINQwxwfQAQ3tbRh72ca6D0tnDHDDHpOx6Bm4XQK/jvDTEounCKhmPID2ZuQ1OqvdnmocdNFe03TmV6Jt6qundByxPboAUrigWwoe6lG4Hs2q4moGU5XZ7FTlriFV72u6mnETV9LEuU/caSd2cAiWyltVOKDQInHOtSpxqoSi+QiIzaNut+I0HgxrTzLYbG/CuYWX63aA3dLlwEXiVSKtzyxcov7Ap9oxiMbu/VJDhvWexLVbTXYU6he0VnNX2iQ0bgtQs5QXnSVSbN2FPkdneD0WMTX5EsFquvLcU2s38y3VXPjtG/eNwt8zmt654he/wDggEftiv8A25W9j+J/ua+PvK8IlrKl1wNsPY39oNS7KGbsqPe73FCEPQPUDDF4XkiXLMPQxj1jB6UjC1MmC8ZhckPWMIupol3nm9iGQ4MTlwOsTHKKxDDGPQd+iGXLifIPwwUDY3hAl1NqHdpeu0NtbA74gUiAF237VBoVp5Y5VmhFsVFG1+0UIEttbAiAqNlBojS70ua+6QnDZzumCqKnB5od5bU1daI94+TUu7EWVyegOvEvAcuJUcV7RuYYABPOAS+WVgl7Uvfm5Rtumra+KgFFVA/Nq5dH0QFY+Ll41KmjisWXGnWUoP2iQFtRIW3bDpxhNk43o0d2geKCw2naDQ24RhZKQGFuobUi6FAsISvQcPEde6P6lNl3cQu5/wC1Ue01ew58Sjcs9tTXxPj+pvvqNUu4h3C5RyV/EvtRBXA/mbOJvDUHwwSpTzTCnkZrTw9n3nKEIQ+jGMcmHnououCMeg6bg4csVRtvfJhtPRY4PTegWXaMHBoPM2iq2wnLJjgdTRYOa10BHoLk9NugWifa4gb4lXcKd+0LZW5VTuIL/vFotvc8jDVS71rU4Bo6va/tcMRRZw9pXHa/Gz7UsQqrVECIpXOjkb41FUdRbY8+xHIrtvEanBBRAApN5MqXhr7EQ29ChTp92N6LjZS2ggB3ptw8x9Ld5GjV1RNlppCiDatCzUggoV8wwACiZoLb7RdFOmvpDwzeljQivCSyqZQ/f7aCWzUqiK18Gm4GehMPQ/yENUY6rieCozafsP3kXcNwbfcV3gzagtTvuFCkCAbAFDasJTWEHgIHoOHAgLz/AKMaj8d0Ir5KlMt1s595fcD92W6ucVv+WXNQG+NfaLf/AIm+wuG/eLvcG+D/AN96jdB7exB5i/ec+f5nCWP8w5gU/wBcw6svt8eSEIQ+kGpdypRKgYSJhVRegsY4YdRB6Fla95wwMDgdJ6b0eARfeL3WOllRCPMMMYwziDjN+iHND0kE9qIQfL4JG27/AIYt90XsUQSNxQixa1OAr8rgCGa7sUA92HvcUAMK38wiNTvdQQOy6bb3FL1e7/aK0XvLXMsS7FeZ/wDKy5RgnwVFFCXlCBbojFqPuS3SPuQ1AK8SmQE9oRBDFS3OhBcBCg8gzWGrxSIAArxUNwXwQqjTuObLlhRfBUu6C22ocQ9BjHBqBF3uw+/+9x594w71vxxLqdt/1Cq0zZ+PGOKpIpTdQ33l+ZR5/JLL7fxH2lvvPuk+8o4qGvH8TXOtT2tGXERoqaa594oQhgxcPorwG44XLi66COHD6AwjFwV47ZGA0ZPQeu0WV/YwFlUQx3hhjHA10B1PCGHBwzl+Iek494MBaPBCiiURDAqwsIQxtCK3KhNQwlYBCOKJRgRBgRMHoMWOCsLNLV1yx+z/AD/TEY/x8zVWx9hOxr+t/wASvMs8H9f8Y7UjLe9/efM37TUpll7Ma8YIS/KeDcpbzb83zuEIQh0HruO0TAIxJTKj0EYxzUr0GMALLqvd6B5DE6iHrOFBH8SglY7ww4cDvNmowOqXrDoOioaMLgh0tR6CMt0V0Jl63ocltz8/ecq/7qNeJxW8NHiVzsYHLzemUSnia8QoKGpbWz848a/1jfjUs9oJ4a9yBrvOZXav4nsIOoRV3/2Qdwh0iGH1iHEuXLiyyWfQKlSpUqMdE1BwQKOg26F6D1yQVRCVGHMMOGMObFpI9EOgI45PXeTJAi5BgQrNZep6CODofUE5RfPRe29ytBb/ADF8n+YIa9oviXv/ALljw4K1wfaprdV/UZq9JzLU7zc33p9p/wA6lUPEB5Je+Zywr7fDD4u/aV3cvYh4T+ibOtnevvCEIQ6D6Aw4I4Ix6HD0mKgQJWFTWUYixbyO7wOoh64IkYQy5DU5YcbBDDHBjOT6pi8mTpfUOl9NjO6Kwo1IdNAx1W6K8y9XqcL/ANxuo+5/MQ8/zN+795d63+Ya4Wz31F7b/wDfeJ8SiU+f4hcRl+X8rEPcZv5mr4gDZb9v+p8K+7/xKdfMTdQDb3eexZOyGCGT13Bzi5fpHDkyQJUDoA/2gVsWVGLzFFgo9AfRh0OGCcQRxWoYYxIPVxDD0GCHS+qeuxndLR7DQWt1H/tpG5Z2X5IrVt/O4qbtPzKf/DN07fywrfJLurd/af8AuCeGlfaPbUN+Zw8KEC4+9TXklvbdeKhw5m6v/V/6ntWvid4faWu5/f8AuPYit07ai4hCEGEuHquHAjN5csckcPSQIYMLhcl0bgQwpc4TlqH0BD03oGBCHQ9CHUcFSOgxiQzlkegQ6CHSdD1MJXSR9JcsYzmymi5fNPje/wDcAikVLqUa1STQaCfAYbp0y3vCGv8A3/ceQhV7jWral1/9qcgU/mbrll7edeSUX2lewfYYHufxAvxDh/0kSlOu5fM4EIQhDBm8HoOHHLFy5eNYccYMvSdN5ALnlNBEnFjFNsJ1n0AwIHU4HoHUccuGGaLBkwdIxwdZ0OaxXoHpvSzkyy8bVD7NRPf7aijU+H7XkXvzF+eYEt948tj3q5b/APE93+pVX/xBlXX/AC/8yr9/vKlUVTz7TV9/zNhw/wBT7QGC06fxFu7Ttc4viEIQ+i3KhLwRZcuX0miXGuo6wYFt7sEceU4Qd8DrIeuM1h6g05sdFnAyzUcNXDB6h1EPTPW3lx9s37zugj19zzOKpVXF6w8xPvUY1RX2nnv9yNTfmHML7W/ma8f6nHDX2lurf4qFef6n4ZU7u94o8E0d1PkSl2pp5smzxpdJ/qcWB9IvNZZUqVKlZeMX0kOhYoxQwjHpm0DcNBgdZ65D0mGxhpw4XCGFRAI2cyjBkh6J6RDprpI+k+kxzubWxvvuWeQi70xriUe3xGiVN7LnbvCNVuom+P6niUQ+895SwPulI2E08i/t/wAQPKQUOX8y/f8AKok2L87WLfLb/KzjBDBDBCHprLiy2XLly4suXLly44esh0nBzYGGhB2wX8IYegeuQly/QcNIIwzgeGDqUEW6hdtliXEHZCEPWuXLgwh6LCMv6RuM1uG37vcEuPxGvKdiC+b84qiBxojXtcZp7x51T941ePtshca9twBuq8ymnQzdyoT7st+/uylu4HY/Jc4GBgyepqMetw9T1h0qCYi6c2LTB3OR74noH1TGGLOpkUs0RJGXqHLl1RaIQ9MhhZcuDCH1j0s0T2YnucO9RXh+0R97j9vbUsvTUb8n8S/+dVB8a9paeWW9v6Zsq3Xtca3f5FjzX9hNdz+oFLX9Jb2l70H5Z5/7nadrEgt0hPsPwS6/+wTmj7TQt3HezmcScDBCHqguGPruXJCXLlxoRzQRW3DeWByg6wyiDtlRMD0D6ljGDXQOiLUEESCWS2ziXFIQ9K4S5cWXgYoP1zhjFtklt735JseWNNaJp3IilblN58NRpDRD2DFFf9SyuPiXK93y7lWcM0+H7ksge8NaqHsw7r4nflN9r3DYPI0Wd5wThghPvD1PMuOKfDKfDKy+i4vJ03NybwPluOp5XicuNSaIKTxtghD6xw9DGGGlhmqJLhgRjBAqIgeykIQ9IZcuX1B+gMVL4/ojXwvHn8XuKHhqndS07s/Md3ZcQ+JsJo9pbXM+0o8EVmpu9M1Kcghtv+f/AFK92X8kOP8Av/uX/wCv/uX21+P+4eH+v+YnZ92pzuh/y/E4pwwQ9bs/E7e5LEt5Zb5l+8HGvBNeCVCoJ4SjxK8JqU8xXkj4I3i+pU1Lyqm63xOdjhKILZ7zhCEOoyfQGHqctcGCW1hgkcOOAGEIelcuXL6BD1Aw+tWWMSvT/wAUu3t44t/uf6XtX+5oJreHxYfebNXC/eculm6Jd8kv/wBqWeX8XLX/ALuD8fzLPNzTpDzAHivvUur2fkgy71/Ym2A+Zs9rYthbaVqrnEyMHpU4Yc/Nk5E4JWTD0sWXLly5bzL8hH2JXik8CyjzPvEvvFvouKHrbqj5YJLYOotR+PLND8G8CHWYIfQHoORijDKGQjBBjxY6PeEMHpXL6CEIX136CdR0uXDGfzMdNKq3uTS8kouHJG6i3H+p3U5jTkuuWDg9ya84s8mQm9V/CFV4JtxuWGFKf5ZwwIQh6vkQ4J7pG3xU3W3cvN+lcuX1ODBGMDBKTyl+0eEjCseoX5N9oYQh1kPoa9QNdCNLHowkEMEux7xWEIQ9FjkwEIQfXfTcMcMYkqJ7uCKXG+9xuu594Nta+J8g/acVKWwneUTvCp3JRfE3E06XU2dmWy67wZZ5lD48z7E28SyFvbPDOHQGHpMcoEfNRTevUei5eb6GGKjGXthdkX+ZwQ1CqL2ONGJCHWYPqmOPHQbCwcJ0BXfBBhg9MhCEDBzi5f0R0vS4U49Q1RDz5IpwEQ1plexOG/7uLHjcr5iPvU+8qvH8RS9wGfn8Qv7+IfErkEsOWHy8wfv97lx45/MG6U/mXEALa9r3nGKXDBDpOhwy4cviaumIa9Jl9V4WXLlxwMLGVcb3xQYDRHUVfl3gQ9AwetfqMcDThhnIRQYxMXNHqvEIQ9Yhk+gfUcuCT4j+58iPHEcHV9/yYuu99o0+JT5fgn2m8Juypr2uVPma9iD7oELhfvNQvt+JfmUTvn+ZnEwIQ6B1X0MOX4nuxK9JfQuMuXBi4GFnCHLFGeVzUQ4h18maCEIYP0NjDqEYY4ODkY9WQh65khD6h6GMcKvn/tLtvSX24i2ck2U45Vr+Mbdbl2YvyfxCouE7Rl08z5uanz/UA8BA8D8Qle/4JwQLgu7vvc45EIQwemfwRh1sYxZeGXLly5cXNxcll4d2G35cMZ/BDCEIfojGHUOctbS0IspDDRcDB6J0mT0Trr13FVsqwRWm7b08Nx79pXsEaHCalvArE4sdPiXNe0+5LWd8d5uV7S/fXzgH/wCXEHJCHtv4wHzPHH8TcfJ6IdI6L6XHJ+Jt9FjFLgzhF3Biy5fSbjhGhELU2jL2w2/uwJUQ2rBCEPRPrGMEFYDBuqKXkawKwhD1SEMmb6NfSPVVAvkyvx8Sp95fkjT4n2Ptjulb8Tff+40zxv8Aqav/AKubvtUJf9y/Z/iErfBgPNS4UzRq/wANR3vfnnEyIemc1Dl+JXW4WLBxpEj2Fq9iBsBQlFkXKj70BexLOI8s0zBXUHCqWQdLK6f3VLnIO64lII8nEOPieePES0sOrQY7UGBCEIdZ9axg3CMMcXCGGGOrIesYPodfQrHuVQ3F60xuLL3pJp8TfPP5mvf21EDxL+CHenHJdM75sZ7zmVzt1B8v8z7y3dLB+8Dh4WKw27F+GcTIh1Doei5y+yV1sYy0AiQkoE2yjrchnubs2eHvDtS9VofNQftNAXyP3nb2nllXDob0m/swN7TwyIhC+NH5CJdCopYvtG6t5snAA2qqYOtAGmnk3Ey3HwwjjBNtnvK7bLLr32jWFwEgVVbzLRhSivabTN0XCNtvnFZ/BBCEIQh1EPpH0WMGoYEFNzVBg54wanhD1zrPpnoYxyn3T/HvK50TiL2i68n3i6usKFl+X8wXss8Ix95ryTXtOzNzfn+58IV4ftj74qCQVdrxA53icziZEIei9FQCp6LGE8cFFiQQ7d75uPVIO2z8veCcGxXBribo5lL2JbKKNiX92XCkO6FWxWqR/NxtkAta7xVcsLvdfebo57PuSyAasvUIHVsFdyqEJQ88gjsPsTZcWAQD/c4wAAHQrxC9QPMJ90vc2slV5l1AtNB92NRBdvlxIQhCHUfXMcNMGHAoPQVIx2EMHqEPSvo+/wBNaB98AOy5aXd/mKa7V5qaj5n551NT5mxpxeCNe0PjGmVLTW5fs/mfeW+88S/NzDjgQhD0nP2hd/L/AFL61wtxIhyf1SgV4G0pDv7e/mHA8m6v+4AU7L7zdU+ePLH+FlA4JW9DirgQVBTdHJzHaIDrTGugx7WlrlBI7wmiVscFqdvibbbZrgaKlAxMEIdRk+nepjBCMOppL1DLDplxhg6jqIZPXPUcsY49n2UU3/LVxrcZrZL+Hc++LY32jNyyaxfjNT5hxL7UYKO0LgOHtnAhCEIZOhyy5vC5+cvQy4sZx+fyNRQfZCFHwbnv55gVP41KuyNNEp35nJ1uWIlzjhIbLeZze8bwh5IJ2PEH3sL9huOlFqX9uHRgQhCHUQ/QGHTDAhlhDLNidxFCHUdRCHUS/Uel6XLHHU+/+4D2plVje7ZuXrmXvWLnJVfxGrrGvP8AMvl6blu9wt3cuHe5adhphwIQhCGTpY9Ayu/ly4csvG+hdNHyQtu73C4d/nWGU8774bpVwQn5MZds7hdfEQej3Nj9q1LUpU1769mM0o87KlZY6C5XKXoD5nNKSC18x3IL3BrAhCEOoh+gMZo4Zojpihhw1ZiYPUIdB9SxyznNzrcVZx+JZXsjOPDKLjfiJvj+/wDmXUUZ2lcBNiz7y8mBcH3haHHMIqF2UnAhDBCHppgCvzljlYsWXBMtU/u2hujzTHQF+ZVGyLc03L1cLkSKagO7LoNoNO/k8RSlJvc3QB5uosctdbQAN8/9LjWI9isCJPZKdqG3wXDC4I29sltDvKAwIQhDrP0JghgTiFohhwNDA6T0SH0z1vV0jpW7mtrONcawj7/zN1aYSVKNf9yxHvNFVXHtCpv7z7mb94zTXQX5gz5VfDKGznW3fE4EIQwOvXSS4cZY9CxwME03+zZlBx2uqnaAmrajXibsohRIo0dkGlI+/wCXxEMUDZr/ALWbFRse7eqFlDurEFfm8au6LvuqE6tXgq7ARivSuvmu8NqMdoNB7Waistddtdo74ER8aK3wQwIQhCEIdJD9AY4GGCnojhoIQh6bCEIQ+rcsZylj80E8ESr7TW9xI+WFypUNTtdmFJ3Z7OdS/ivappv5m/OPx+GVp/3D/flgp/5Yrof54kIQh6D0LLnB9+lyl4OJR4qHwQRIr5HPtLe6VcI7abrZ4laWo4ksnYtr4jFSSKee1vllkK1IcWcEXdV4uyhxvmNWxsQ9zcueVX2plDDSs0uCLWJe6ncviAMNsb38MENQOvicRt4jyR6wCh3e63AKDVIDvOogry4EIQwQhhwEPof/xAAvEQACAgAFAwMEAgEFAQAAAAAAAQIRAxASIDAxQFAEIWAyQVFhEyIzFEJScYGQ/9oACAECAQE/AP8A68qLZ/FIWDNn8DP4pfgWCx4cvwaX+Cn8TUW/sLBkRwl+BRSyooooocUPDiSwfwyUGvh8cKTI4KQolcjSZLCi/sSwmuhXwpKzDwUuol2FFGJhJkotfCcGH37WeGpIlFp/CMP6V208NSRKLTr4KotkcGTIqkt189DRi4eoar4FGLkRwfyKCRXBZZZZZqNRfFjYf3XwGEHJkYJbHKhzNZrNZrNZqNRqLLLNRqP5BTNReV7GrRiYde/n4RcmRjpWdkpUOY2WWzUajUamajUazUaiyyxSFIUxTE87ynG0TjpfnUrdGHBRjsk6RKV7LLLLLyvK87LLyTEyMxTvbiwtWNV5zAjcr/G2chvsb2pkJ7GYsWn5zAjUNk5DfNXDYmRmJ543TzmF9Czk6ROXdJkJid5YiuLH5vAlarKzEkPjrsEyEhEujH183gP+zLJMk+6WcWRZLox+bwerykx8VFFdiiDH0JdX5vB6sZJ9/Bn2JfU/N4PRsbG+1veskQyn9T83hdGMfBWS7JZxeU/qfm4fSPgruEJmJ9T83D6R7qKKKKKye2sqyoooooorajE+rzceg9tCiaTSaSiiuOijSaTSaRxKFkmT+p+bjtSFEoo0mk0mkcRoa3ISFEUBRNI4lFFDiVnLq/Nx2xRZZqNSNZrRrRqQ2iQ9qIiYmjUjWjWjUXkxrz0euxCLLNRZY2y2amahvchSNRqZbLyssUhMeT6ecXXYiy8qbFA0DgOOd8KQomk0jjkmJ5y6fAbyjGyMRIo0olAkhrJ5LNZJEY2Rw0aIjghwRKJQi8pdPOrahOkJiYspsl7jGPK81lFCZF5NjY2SWViJeaTyQttiZqFMWIhzQ5DZJ2x7XlETYmRma0SmOQ5DY3kmS8y8mhC36jUKRqLye1ZpiLNRrNRqLvYh5teWYh7a3LJDfEmLhQ835ZiLyWVbHtsvbW6y+F5WPzUfAIm6ovzS332tb5Zv4WnzofwymVsp8rGIfmKKFm917YVYsRV0JtN9Kzw9K6olKH2RLrxLJlZPzr4qFuvJ/B0+ZcL5X5tPkrgrJlblsY355cK22WWWXnQ1vRJ/AI5PckJbKbKKKKK2NFb31+ALekIoo0mkooooooo0mkY9q+BLgsTLy9ikaSiij2PYsbGy9z6fAlwJiZZZZZZZeVljY3vl8CXAtllllll5WPJbn1+BLiWyis7HwP4InvrJC4HwSfwRcSzv4kuK+Zv4Ms2u0k/g62VyVsSzl8HWVl5UUNFFcCQkVk8pfBoxcnSKrO8kXlpNJRRRRRRRWbzabXwaENEP2x9eCxPKiiisrLybHnhdTFhpft0fwTBjqmv0YnQedl7rLLLLLzvbApTi0xqm18DwI1G/yYiel7VlfY4ZBGPGsR/v4FCOqSRFUhoxIaWPcsrLzvih1Iqkeojcb/HwL08PZyznBNUSi4unvTysssvY9qMGFu8pK00Sjpk18AhFykkRVJLNk4akSi0+Gyyyy9+HDVIikln6mPSXwD08P9z3YmHqHFrskjBhpVvZiRUotDVOvPJWyKSSW5mJh6hxp9gkYWFXu93qI1JP8+bSb6EPTt+8vYWBhr7CwoJ3pXBRPDUhxadcyVmHhKNN9RbnFS6oeBB/Yn6Zr6WOMo9V5VJvohYE2L0z+7IYUYL2RXJPDUiUWnyRi2zDwtKzW1ZUOKZP08H09ieHKHXyChN9IsWBNkPTf8mRw4x6IrsJwUkTi4deKEG2YeGorlocR4UH/tQ/Twf2H6ZfZksDEX7HFrqvERjKXREfT/8AJkcKMeiFFFcDHxzgpIlBxdcEMNyZCCj2jin1RL00X9Lolhzj1Xgkm+iFg4j+xH0z+7I4EF9hRXczgpIlBxdPdh4bkyMVFVxLkoaJ4EJfaiWBNdPcaa6rvFGT6IjgTfX2I+niuvuKCXRFFdg+TEgpIlBp50YeE5O/sKKSpca4qK2UOKZLAg/0S9PJdPcaa7eMZSdJEPTrrL3FBIrvlnPCs/gm+iP9NiEcB/dCVca7OieHGS9zEwpQ/a7XD9O5e8vZEYRiqSF274khRKKKKRKNjVcS7VqzEwL94jTTp9ik26RhYCjTfXwcY2JVvkrGq4F3GLhKa/Y006fOk26Rg4WhW+vg4oXC1Y1W9dzjYWpWuvP6fCr+z/8ABd60LYlYltvJbJLcu7x8K/7Llwoa5pfYS8GuRjW1d20Y2Hol+nyYGHpivy/B0Ji45CY1mu9xIKcWhpp0+LBhqn+kLwCY0IeUXw3k3kmNZLu1n6jDr+y4sHD0R/b8EmN5xfvxSexDXeLOUVKLTJRcZNPgwI3iL9C8PF8Le2/Aeph0kuD00fZy8RF8D8E9kkpJpkouMmnuSbaSIRUYpLxC6rgfXw/qY+6lu9MrxP8ApCXiI9eCXXw+JBTi0NU9vpf8n/nAvAw4Jr28I86PUQqd/nb6b/L/AOeJjuWT6eFWfqI3h3+NuA6xY+Jj032IfV+HmrjJfrbg/wCSP/fiV04EyfXwi2YsdOJJbPTwuWq+nkpdPCLZ6qPvF7PTLqxdPDrrxPp4Ni2eoV4b2YElpRF+3h118lJXFoaptZYSUsSKEkkJUvDx68b6+HZjxrEf7y9PF67rL7Lw8eOXXvnws9UvpeWC7SF7rhXfx45fburLLyfFjRvDeWDKLil9yMq4V38eOXTvnxNElpk0YTqSE79/ER6ccunfPat3qI1O/wAogvchsfhI9ON9PBraz1ENSVE4/wB0QQs2Lau+XTjfR96+NjKEqWx7l3y4308V9x9BfTH/AKzfJZZZZqQ5I1oWIiy8rysss1IXZPp3FdkiStV+eR7MSTilQnKkf2/IkmOk8qEhDZeSOjPYayXnER95N/jnZidBdETfsQ/BJjdJDFJUJ/2J9BFp5370PJeOoe5bmfpCSSpdhidBdESTbRXv1KR7UKR7CodPJZUUUVv+/EvCrel2DJptCw2+tiwxQNCFBGlFIpFFZVxrwj2Pv6KyrtF18O3mu7fcrr4diyXYvkvt1180x9rfNHzrFsW2+dcEfMvah5rvI+EsvJ5Ls3m812K44+DffrvI+GfcrffcR8M8l3a7uPLXYWt7mkfyxuh8C7VdguOPTvJt0Rk1dmsUhydjxKP5Wa3dscyauUf3wrke5Zru107yQ+pZZZd5WIUblF+ZXTvJkspOi2y5IjK88KVyayXYPlXE+wXTk+3YTHlVu26SJeoq9CIeqftqRKvacegssFLVLsf/xAA6EQABBAADBgQFAgYBBAMAAAABAAIDEQQQEgUgITAxUEBBUXETIjJgYUKBFCMzUmJyNBVDkaEkkLH/2gAIAQMBAT8A/wDt4sJ88bOrgv8AqMAcQXAAKTauHb0Nr/rDL+lDaUGmy8BP2pGDwFpmPidRdKE3ERu6PBQkYf1BBwPQq/tC6UmJiZZc8BP2tEAdIJKkx0rnE6zxT5XvNklWVatWrVpsrm9CmYmRpu1BtXSKc21BjIpB9QCBB+zSQBZKn2nFHYb8xWI2lNLw1UPQJ0jj1Kvl2mvcPNQ46aI8Hmlh9psfwfQTXtcLBv7Ke9sbS5xoBYvaL5SQ3g20XE+BDqKwm0HxHSeIUM7JRbT9k7TxRc8xg8AifBgrD4qSJwLSsPO2VgcPsdxWKNzyn/I+FCwmMfC8ceChmbKwOafsS0/Ews6uU21IWj5Ralfre53qfDArA4wwuF8W+aY9r2hw6H7CnxMcP1Hip9qvJ+TgpJnvNkq+TSpUqWkqlR5INLZ2NAqJ54eSB+wMZjWQMIBBepZnyOLnEkncDbQYvhr4a0LQtC0LQtC0qlpWlaEY0WLSq3mO0uWAxgkAY7qO/wCLxLIIySeKlmMjiSrza201iDVpWlaAtAWhaVoWhaFoWhaVSpaUWIxoxojdw8zo3ggrCziVgPfXvDGFzjQAsrG4l2IlJ/T5Dca2ymMQGYVKlSrKlSpUqVKlSpEIhOYCnMIRG5s/FGJ+k9Co3h7QR3zbE2iARjq88fYI5DKNiAVZjkjdpUqVItT2bjSQQVs7EMkZpunDy75tSYyYpwvg0UNyNqaMyq5Q5JRCexOFZ7NoypvTvTuhWNFYiQfnNosqNqAQ5w5JRCexEZYV+iVqYbaD3vakBZM5/k52QCjamhDdGd7h3LV71IjIhSMyj+oe6jFMb7d72y244zfmiE0cUwIZHMb45xGTwiOKj+oe6ZxY3273tgfJHw80U0Jo5RzvmXkcnJ44pvVYe/gx2bOkd72w41GPLJoQ8DWYzG8U8IdVhf6Eft3vbDhrY2/JUmhBDKsxzDyynoLA3/Cx972rZxLfSsmjMbt7wyOd52rzGRyKegtnf8Vne9pWcW72CHVDMbl53uDI5koFWrytXulEIhbNv+EZfe9oWcU/9k3rvWiVaBVq1aGQyvK6ytWrVq1atWrVooorZn/Fb7972gP/AJL+HohnatFyLkXrUtS1K0DkM6VZHO1qWtalqWpByByK8lgBWFj73tJv80H/ABQ3CUXKyrWpFy1LWUHoOTSgq3CnORetaLlqQcrVoFNcgcgFgxWGj9u97Sb8rSvPMlOKpUVpKLStBXwygwrSUAUwpu65ORC0laSgwr4aDFSpBNOUYtyjFRtH4He9oNuAH0K88ijlpQag1aQtKpUFoCLAg1DdKLLXw1oC0hUqCpFqIVIZQC5GodB3vHC8O73CPXcAVZWAi8LXxQegQUBlSA3aVKkSEStS1hBwVIhEIZYT+vH798xYvDyeyd1zKAye6k5xWpWg5MkTHZhUieKCrMlPcGp0hWsrWU15TXq7RyCwn/Ii/wBu8kgCynY2EGhZUc0cnQqbjFJ/qU7ruAIotsp7VWQTQo+CrhYTUAnIoFDiihZKeQAn8SjlSaFp803MLB/14/fvOLeS4Rjp1KeyjYTXlqdi5XMLS7gnHjulUi2+qdEjGUIihGmtACbwACAVoqlSbkeC4JzEYyvhlNjQYqQGRGWFeGTMcegKfi4QOBsp+NlJ4GvZR4ucHibCY8PaHDoe64nhMfYJzkTaKO/pWlaEGIDIZndIVKkWrQtK0qszk08VaaLKaRVLBk/O3uuLH80eyerRRzCOQQKsLhvlDIZUiN20d1uTTxTVg/refx3XG/UwqTocrTsggiUN8cEdwHIZXlW8QhlSarTbQWDbUWr1PdccP5TXehTzaAQaLUrRVjIZgZhXkMjmcweQdwoqJt2tACpArCG8OzuuLFwPR6oZPcUUMgq3Rmcr3Bv2uGdIoqLociUCsGKw7O6yN1McPUFP4OQ6ZORyCCveCIrK8qRBQBzvcrdtHKPJyCgFRMH+I7tiWaZXj8prqV2EQjkN2t6lwCBG5wKrdrdOTDk8qFmtzW+pQFCu7Y6EkCRo90aQcuBCd1yCG7SrOk8EjgUYXX1TG0OJvOQOPQprH+ZQ6ckooJopalptYCK3l/k3u5AIorEwOiefQ9Dmdwb4QI80QEQMrWpBUFQCJ3jkcmq0CmguIAUEXwow3z8+8TQtlYWuU0D4nkFFFHcG/atWrRKJyvdG4Ucm5NFrBYfSPiOHHy71JEyRtOCnwL22WfMEWEIhDMIb1q98FXvnMBNaXLCYOqfIPYd9khY8EFosjqpWkEjdCCvIlXkAgxaUWoNVIjPUgdw7mGwr5hY6BQ4aOIdLPr3/AB7NMzvzx3rVolFytAJrUFwRAQAVopwRya5A5nMLAs04dv54/YG0o7DH/siEN0nMBBBccqQyIRCciQgENw5NFlRt0Rtb6AfYGMZrgd+OKd13qVLTxWkIINKsrWFYpaggUdRRRVKshu4VmqaMfn7BcA4EHoQp2Fkjm+h5BGQQORVCuiFIIlFHk7Njt7n+g+wtpRU9r/7gvPeGRVoOQcrVq1aLkXZhHdCwLNMAPm439hYuL4kJA6jiE8UgVe4DnWdlWVZVndtXuFQRl72tHmU1oa0AdAPsPGwfDkNdDxG/e5SpUqVcklDitnRcXPPkKH2JiYRLER5jiE8UchyaVKuUVDEXuAA6lRRtjYGjy+xCpPqPvmOUTymNsrBYf4bdbh8x+xp+Ejx/kc75RKvKkc7VoLZ7Gul4i6F/Y+J/rSf7HcBVq8hv3naOYWzB87j/AI/Y+J/rSf7FEZ1laBVq1atEq1aBVouVq8wtmdZPYfY2IxEeHjL3lSPEji71N5UqzrK1aBVq0CrVq8gMqz2fNGxxa51F1V9jY7FHEz0D8jTTUDnW4UQqys71bgylvTY6hbNxn8RFpcf5jev5+xNqT/CwrgDTn8AouqCG+VSpUFSpUqGQzpVk9RyuglbIw0Qo3iSNjx0cAfsPbE/xMRoHRgr90w8UEFWVIjMjeKpVvUpFIVsiXXg2jzYSPsLFTiCF8h8hw909xc4uJ4k2UCon6ghuUiFWdKuZJ0TjxWx8R8OfQTwfw/f7C21iLkbCDwbxKJyY8tIKY8OA3TlW+cq3p3gNrKN5Y5rgeINhYeZs0LJB5j7AxEzYIXyO8gppDI9zybJN5hRyFpTHBwsbh36zA3pH6WpziTZyC2JP9cJP+Q+wNsYrU4QN6NNuR3YpS0prgRY3K5FZjIolTSBzqCOeEnMEzJB5FMe17Gub0Isd+cQ1pJ8hamkL5HvPUkneCil0prgQr3KVbozGTippr4DdC2LOXxSRE/QbHse9ve1jS5xAA8ysTtiNlthGo+vkn7Txbv8Au17J+OxLmkGZxB6i+RajlLT+E1wIBV7pQyO6XABSzF3AdEd6KV8Ztji0/hM2rimf9wn3WH200kCZlfkKKeKUWx4PdXyMjFvcAFJtXCM6Eu9gpNtgfRF/5KxOOmxDre7h5AdESr5cUpafwmuDhY5jnAC1LMXGvLlApkj2m2uIUG1sTHQcQ8flYbGwYgfKad/ae3k0n4vDR/VK1P2thG9CSsRtoVULP3KlxU0pt7ySi4lWr50chaVG8PArlPeGgkqSUvPMtWhIR0KbjcS3pM7/AMpm1sY39d+4Ue3H/riB9lFtfCP4OJYo5o5BbHhw7RLiIYhb3gKfbVWImfuVNj8RMfnkPsEZHFair3xy7UchYbCY8OFob8koaE+QuPhI5pIyCxxBUG2Zm0JWh49ehUGOw84Gl9H0PYnyMYLe4D3KftTBs/WT7BTbbYB/KjJPqVNtPFS9ZCB6N4J0jj1Ks8sI8yOQsNqN4cLG7aklawflPeXGzyjyRnaDyOhWH2piYaBdrHoVBtfDScH2wpkscgtj2u9j4ySaKL63hql2vhWfTbyp9sTvsMpg/HVSTvebc4krUVfgBzIZSwpjw4WFeRKlmDeA6pzi42fC2rztakyV7TbXEFQ7VxUfV2oehUG2IH0HtLCmPa8W1wI8PNiIoG6pHUsVtl7rbENI9fNPme824klFx7DHKWoYhlcSjiY/VPnH6Sib8cCsNjJsO62O4eYWD2jFiRR+V/p4QmljNrxxEtiAe718gp8TLO8ve6z4gcomgi4qyrVq011IeMvNriFgdrOZTJuLf7vMJj2vaHNNg9D4F72saXONAdSsdtOScljCWx//AKiVfYS6le+00gQeQfDgrA49+GcAeLD1CilZKxr2Gwee97WNLnGgOpW0cecQ/SwkRjp+UT4sbwRdygaQ8eCtnY52HfTjcZ6hNcHNDmmwedtfGhx+Aw8AfmKJ8aDuk1zGnePimlbKxwYRDIflP0n0PNx+J/h8O5wPzHg1PcSTfYzzAhunxQTStm4wYiENP1sFHmbTxfx5zR+RvBvYBnaI5jQqQOZ8bhMS7DzskHTo72THte0OabBFjlbTxIhwzgPqfwCcePYQchkeW3IhDI+LGQK2Li7BgcenFvJJDQSegW0sZ/EzcPpbwCPZXcoddwq/HwSuika9p4tNrDzNnhZI3o4cja0pjwbqPFxARPZzyQOyBbExNOfA49eLeRtucF7Ih+kWUezuG/aHYhuRSOjka9p4tNqCZs0TJG9HDekkbGxz3dGiysRK6aV8jurjfaD05A6dmC2JPbHwny4je2y8swRr9TgETfaHdOQ3p2Eb2DxDsPM14/f2TXBzQ4dCLG7tv/hj/cdpd5chvXsI3gVsfEfEw5jJ4sP/AKO7toXgvZ47S7ryB17OFseXRiw3yeK3dqN1YGb8AHtLuu/WQ6dnw8nw5o3/ANrgUDYvc2gQMHPf9vaTyW9nC2fL8XCRO8wKP7bm2MToh+FovWOvpXcm9ezhbDltksXodQ3NuPBMLL48SifmPZ/LlDsY3dkSaMYweTgRubUhkOIe6wQelkIgh3Gwd0diPTlHtETyyRjx1aQUxwexrh0IBGWOkMeFlcOoCc5zjZKJ1P8AYdnPKKHQdnC2VN8TBs9WfKctrzNGGLA4WSLCKHV3vvDI+Pdyx07OFsKT5po/wDltGNrJ3tBRJDk0VkOynlt7Rsyb4WLiN8CaP75bUhkEz3EW0p4QNjkHx55Y7Q0kEELDyCWGN/8Ac0FY1gfG8fhTQuZ9QQ7OeWO0BbFlL8KWH9DqT3B7LHQrGRtLSTwpGrOR3Aq7AevL8+0BbJxQgkeD9LgsBKfhPa53Q8FjHj4ZB80eSe0jqPFVmN077SQmvcBwNcbWIxAka0BDpuHtw69pCB+VAW4D8p31yf7nwFKlRWkrSUIyUYnBaSqKpVlSAWlaUfBDr2I74V0FCQ1xef0tJ/fyQ48cxzImBx4p2gFW30RJCFkI9eqB9SnH8lcaQG/aPgvPxV+Acn0ImN83HUfYbg5kXVP+opgsp/QFNFoCyUEWm1XypnVORGfl3G+c2uLndB/7/CLnOcXO65jmxfUnfUUwgAoGxRC4riSi0rj6o2R1VEHgqtccrKvsteK4k755THUUZQCaARltaytZWsrUVqK1FWVZVq877SN8c4Ch9oDI+CHYj2cd3PjL5Q5B8IfGH7CPjD248+0dw+MPh63q365R8CMz4w+GHMG6PEeeZ8YecftA/YZzrxB8YAqO9SawlGJ1X44+LPXmjnsq04A1S0fhFv4Qa2uIQjBXwRS0CqAQZSYQGPR7EfDHxjEFSpaVprMouIa4d5PNHPYmjKKJzyABxX8NE363oQYZ3APIU+HdEePEHoUQq4KVlNB9T4obp8UevjI0E0WUZf4aKgLe5EOfxeSbXw66EgrCTCZj8PMbd+kqRpa4tPkaynvSz08D/9k=', 'tes', '1232', 'ADMIN', NULL, NULL);
INSERT INTO `auth_user` (`id`, `nama`, `foto`, `username`, `wa`, `level`, `np`, `na`) VALUES
('VFHd62iXYhorqQe', 'tes', '', 'tes3', '', 'PETUGAS', '123', NULL),
('zQ1HfJXtfxeqcZP', 'anggota5', '', 'anggota5', '', 'ANGGOTA', NULL, '3213123');

-- --------------------------------------------------------

--
-- Struktur dari tabel `buku`
--

CREATE TABLE `buku` (
  `id` int(11) NOT NULL,
  `gambar` mediumtext COLLATE utf8mb4_unicode_ci DEFAULT NULL,
  `judulBuku` varchar(255) COLLATE utf8mb4_unicode_ci NOT NULL,
  `penulis` varchar(255) COLLATE utf8mb4_unicode_ci NOT NULL,
  `penerbit` varchar(255) COLLATE utf8mb4_unicode_ci NOT NULL,
  `tahunTerbit` date NOT NULL,
  `isbn` int(11) NOT NULL,
  `idKategori` int(11) DEFAULT NULL,
  `jumlahHalaman` int(11) NOT NULL,
  `sinopsis` text COLLATE utf8mb4_unicode_ci DEFAULT NULL,
  `stok` int(11) NOT NULL,
  `lokasi` varchar(255) COLLATE utf8mb4_unicode_ci NOT NULL
) ENGINE=InnoDB DEFAULT CHARSET=utf8mb4 COLLATE=utf8mb4_unicode_ci;

--
-- Dumping data untuk tabel `buku`
--

INSERT INTO `buku` (`id`, `gambar`, `judulBuku`, `penulis`, `penerbit`, `tahunTerbit`, `isbn`, `idKategori`, `jumlahHalaman`, `sinopsis`, `stok`, `lokasi`) VALUES
(2, '', 'judul 2', 'penulis 2', 'penerbit 2', '2023-04-19', 2147483647, 2, 123, '<div>bjsgbjajvav<br><br>27ut12ut828<br><br>dhvhjasjvds<br>78215<br><br>567257625675</div>', 888, 'Rak C-13'),
(3, 'data:image/jpeg;base64,/9j/2wBDAAQDAwQDAwQEAwQFBAQFBgoHBgYGBg0JCggKDw0QEA8NDw4RExgUERIXEg4PFRwVFxkZGxsbEBQdHx0aHxgaGxr/2wBDAQQFBQYFBgwHBwwaEQ8RGhoaGhoaGhoaGhoaGhoaGhoaGhoaGhoaGhoaGhoaGhoaGhoaGhoaGhoaGhoaGhoaGhr/wAARCAFKANwDASIAAhEBAxEB/8QAHAAAAQUBAQEAAAAAAAAAAAAABQIDBAYHAQAI/8QAShAAAgEDAwIEAwQGCAQEBAcAAQIDBAURABIhBjEHEyJBFFFhIzJxgQgVQpGhsRYkM1JyweHwQ2LR8SU0U3MXJjWiNkRkgpKywv/EABwBAAICAwEBAAAAAAAAAAAAAAMEAgUAAQYHCP/EAD8RAAEDAgMFBgUCBQIFBQAAAAECAxEAIQQSMQVBUWHwBhMicYGxMpGhweFC0QcUI1LxM2IVJUNjknKTotLT/9oADAMBAAIRAxEAPwD4zYYG7OMe5GQNeVB94ncx/a+Y1whcFmPA7a4kpaISP3b2GvoKUhcHzrnLxTDSOKnZvO0+2pY9P3ey6ZQLJIZcfQfTSw7Mxyp2jsdCZ8MkmZNvKtqvUDcyOT8zka6csue+OSfpqXLB5qqCdu3sR+GkeSqoYlfMjfP3Gq9WGcBIJt9/80YLFR4m2yIw7qc40+UjjnyytgjIPtn56TFB9oSxHpxnGuVEzOxQ8IPfWmx3TUrG+1YfEqBUhZhJJsQHdjJPsBpuV0LII2AZeFPfGkRqyQs0ePUcAk4yNIgQl8RgED5kaKXlqCQd9RygXqcowoBOcdzpiYFnHmbgvbjT5ySPYjvzpLJuP56sXEZkZRQkmDNIERRPs3J+QbnGuj7CMlyc4yM6cAx8gumnKN6trPj6cagoBAlOtbBnWmlqmZ8L6c8d9N1ACNyzMT3OpEVOqtvbGP7ue2nj9NvPfONK9y662Q4anmCTYUzTR7UyDp0qoYMOPbSYpQ65wVHOONIOXk+0Q4I9Jz2OmU5ENjKJqJkkzTkjbY2b5DTNTlBE6nlc41II9IBwdImO2MNjOCMax4ZkGTurSTBpuNt7s652sORnsdSqaq2REPyq9vpzpllEauyDORkjXZCVjJXG8LqTRUzfeJNaVC7URV1f7vbStMwHdFASOSvOpMUMlTNFBTxtNPM6xxxoOXdiFCj6kkDVyFjJnUYtNJlJzQKbXOOe+kNKEBJHb662VfC7oG23A2LqPr25HqinXbX0VpsL1iQTBcyRK653lDkFhxwe3bT0nhB4czFIpOsesU3yDkdG1BOOPYLrjX+2OzGUyA5pI/pOQRuIJTcHcRY1aJ2Y+o3j5j96wmoPnrsIOzOQumldYlCMRkacn8qmmkiWRnRHZVd12llBOCR7H5j20gxpMdzd+2rsqLhzpjNzoEZfCdKbmG6HYoBwQGPyOvIMwbGbZtH5/lpyni2oS+AqckfMngA/79tJUrIzEgt7s5PfS+UkgnUiIqUwIpUSxOcpJIAvGGTH+enAgz6JBj5Y13YEIVmVCRwDn/LXdg/9WMfjkfz022jImDQyZpJAX7z8fMDSHUH1Qxec+3AyDjH5alGiqUolr/g6iW35CmoMREWScDLfLPGe2oklRI9PksVzxheBjQ3FoII5T1uraQRTUUjCMh0jQE5OGUH/AK6eSImLb5wUFt3p5yPl21AMeGAAHt9dTYI3pxtmPp7hR3/0GkcOpSzlWmRpRliLivTRh9oxGyqOeSpznSEoDu45UckZBH/8hxqQ7eoFI4wvvnk6UEcweaIcwj/ibce+O/46aVhkOOFRoYWQIqG8LRxKs+5Sfu4XOdPRgrGgY8/U6cCKzAEmPHbB5z/npFRHVGURxtI+BuJ51hQWZWkTuFZOa1J+1aUKi4XGWZ+AB+enT5cXu0h74HA/HTDU9THGHWNlcHDEoSD+/Sd0pRvNKQ8gDI5Pz7agHigkKBk3661reUHSpIlf9jagzxsGDpaTTE4ieU/4CdJQxhPSpY+5bgZ/D30iSWdvSqgp8gcD92myrKkEzQ4k05mYYLyghRgFmySP46QxzuDeWWGCNuVB/wB/hriF/wBoAN8hrkseAct5TH3P/TWlWQTWDWnljDLk5HHt6j/lpmUI0bZfK+x2nTZkik3JGrPIcEMzbRx8sakNNvH2sWCQNxHq5/Pn92ohaVgipZSK4Aox6iwA9l5/jqKj+YZVVnJ5wGxz+GppU5GBGRnHzH7u+ojU0sVVwE4O7AHGMfLQsSFgpKRbQ+tbQReaIwf2UGf7p0Ts1TWUd5tdTaIzUXGCtgkpIVjLtJMsisihRy2WVRgfPQ1MGOPA28ZAz21Ihlkp5opqeR4ZonEkckbFWRgchgRyCCAQRq4U2HGVNkAgiIOhkRB5HfSgVkcCuBr6eouk7dQ9dDxBpajrvpitmqWr621zdGVsqwvKd1TB56xEbGLOuQOAdXK19a9RR9RWySopOtnt46xrZpx/Rmv/APpJhxTDAgzt8zGFHr9zr5JXrfqgOHXqi/K4JO4XSYH687tRp+teqlETR9VX5WjkJz+tZsj5H72vG8d2Cx+N8eJdQ4QjIJJMJ0AB7oG02JJPPj0zW1mUWQCLz5n51V7lJHJc60mNwZJ3OWyG5YnkHkHSlUIMAkj66cMYmaSZzukByzscl2+ZPudJ16axhyzrHKqRa85tSeXhTDEKXztAyTx/qdLgxsEgAC/s8e/+muIcxNxhl2kD6e/8xrpGYlCjHqPA+fGjIGh5VE14KzEkAk++OdWTo7p2G+V0rXB9tLTFQ0JJUzuwJC5H7ICkn8h751XHOD5fsOPx/PReydU3Dp+CaC3pSNHLL5rCaEsxO0LgEEYHHtooyhQzCRN6GrMUnLrWw1MMU1NUIKSOZZoGIRh9m4C7QGx7YxgD2AxrG6zpS7WilFZV0yLTKowFlUyNxn0oTk4HfjIHONXu2eIlBVUkguSyU1cV4hXO2Y+yxuOAe33se+iVDT1dVXGsmjWFqaMwI0ZLiYqW3ks3qKckAcBsbjxgCwe7rFJAaPi9vP8Aakm+8w85xbrSscpoDU5kt0Msrd2aGNpCB9SBxp57dV01OaqehqoKYsB50sDKgz2OT7fXWwi+08MfwdnU3ByQEpbbCZUjA/ZYphVyfmTjnWa3/qu73YS0dwhhokVtslPHF6jsfhWdskgMPbjI1VrbQzYKBVyFp336NOoWpw/DA5mge0tGXAJjztLY4zjOM/hqbPdqmpoYqOZlaGMYUd/zJPOeP8tHqKMN0ubBHTK1wrVN3jkUetTGrbIj8g0Kyv8AXK/PVTBBwVPBGRrEOZpg8qmpMa1xmCDc3bGSTpMkstJLNTVEEglicq8TA+lh3BGiNnoJ62sxTQGraFTUNEELlwpHpCgEtkkDGOxPtqV1HHXPWfEXhJI692ZKzft9Uyn7wIPIKleRxxoaisqASqD1186mAAJNCG2sn9mVJHb7w/mNQBTncRhVJ7BmI/y1O0SsNPS1slX8ZEriaL4SkdpQmyrcgo3PcDGDjsG0HEoQrKVmttk3ihFLH3PnjAOCApOnfMQZwCwB+9nAP5aZMbxjy13KWclty8r8wfr3GvU1BNNV01PS+tp5BGo7cscA/wAdaSpTIACbDWsICjTzyv3XGDyR2H79MTTKY8kbsnjPIOj9+qqa5SwVNth2QQwJRttX0HYCI2H+JAGOe53fLQGZVjg5GdmirUVtlSTaK0AAQDUy32Ker6dud6gZQlBNFGybhllbIdgO52kx89vVr1mNKkbtXiRyQ20A8Z9v4j9x1eKeyVtG1DTyW+V7ZFTfCTrHjzKlZ1Zp54lHMioWj9Q4AUfXFKWx3GH45nWI0tFO8EtWZ1ETyr+yjftE98DJxpHD/wBNwa/miLhSTUHJjK7QzfXHtqeY0qCjkn0jnB/npNZBHSyrHDWQVxI9T06uEB+QLAZ/HGnKO0XC5gC3W+qqgTgtFESo/Fuw1btqCdbg0uoEnhXQGznsPw0o5z6cahzwmCeSEyJM0bbS0T7kJ/5T7j66QBg4UnP46YD87qEW6IYx/PTbKp4P3SeTnUZ4pqdtkxdWKhgDwcEZH8CNeY+kYz3JOpF+bRWu7jfTroIVZOcnnGedRucf6acUfagtn0rj8tI/HQFmTwogEVDEwgYH+19mLH21PT7PchIJjIfv37f5Y0MaLazK33l+59RqZCWiaEkYIhyR9OR/LVRh3FpcIULe1NLAKac2sZREimWRm2osYLFyTwAB3J0XqumrhRSwxV/wdK8i7istdGpj57OM5U/TB070ZOq9WUMb7i0ZqEUg7S2YpAADkc57c++tTgoo6StakpLcKGkWHMlQjBSWOcBcctxkkk57at8MycWCpKrTHt+/L9knXe6IBFZM/Tk3llhXWuUFS21a0HIHGPu9yew7nB1crbQzU1uttHeIbnc4YM+VTwUoWnYD1DcHKvIQPcrt4wAe+rais/UEjyt60t6mPazbv7ZvUcHn5fTTywR0jVMjfYIGLmQnA2kZLH8/np1vAjOVFWlvbqKWXiZEAVXKytlo4KaltNBWUVsijVPiGoXd4sn1KiY+99ZOOMjOgsg6dudMtkrqqngFOc0ta5kV1TcSyjeBiTJ9QPpY5I+Q0CuSoaLZTQxVBfIfzZjHhcE5DBGx9M8aHR1d1akE8FtpZIh9oqR3MFWU+6kpgfvH10RxkzBMj/0yI4CDb3oaHLSB9d/yrOa6giqr3TwVUqrdaqrRmkiZBR7QpEMcAyQylFC+ojB9PzOq9WiL9YVopqZ6OAVMnlQSffiQMcI31AwD9Rq5323093uf6urLZT9OC5pHHS1MxUI1SNzRtmIbNp5jY9xvVjwDoL1LCwpaepvslPT34ytBUxx1KS/EhQR8Q20+hsgK27759XcNrl2lBt9TMWG/j5zv4HfVz8aAa9YbdWiIXG1hxWF5IYJ8lUogqgyTyMOwVGyPfucekAu3q0TSU5SgjqTaqUzPR1NVFsaNVO6SnlUcIwYlhnvuA/a4YtPl/q1WpBTMWmjhanZWMldKWBWPzCNgiHpZlB9ue41Mv1W0lYslXUPdYJJGkqKiVGKVXl+nzFwd6yLgoxBAIEZOAdSWv+pc2666FbAtVRkjLDG8r88e+rNbkaktRpja7fcnpoJK2aNyY5Y6cumcsCMyNwy49ShfkSNAovha26ilppUooJXby2qpMhF5IDMB3PYHGMkfjq109Q5gJSmNPiFqvf5aJOxVua1kVseg4Crk7vtOe+gYotERInTj+K2jMKr1382StlqZDBIlX9vFJApWORW/uj2Oc5B7HOuWljBVJWOxUUxyiKMvO54WFRg53cg8EAZz7AybztlWpqXFNa/KZP6qijypHfBZ4SuQVI9XOMDAyeNP2KrNFTNU2uuajqfJkerlln8v4aIdiiDAdzkbCT98gYB50yp8FjMDeOrH71EJ8dTbjHW1qra6iaKSon2VMK00ISN5Ap30pwM7oizBB2ALAd11WaajNc8hcmOjhTzaqYAHyo8gbsEjJyQAPckDVqlDs7bTRxhaKOOSNKgxnyFVR6ZRkCaNXCuMEOrbsHk6h2q3RUDTXS3XCsrKFpHp46eggLVMg4AWT0lIlbORkNnHC5HAGnMrZTcgcer+/vUiLzUmmkmeFbtaJPgqmh2/qK2OhYzUaeZ5xJ9929if7/2oHYaTQU1Ii1VZb5ZY+n6+iqfssGYwSKqlomTjLpuyrHGRtORg4M011qa2KesubCkqxU088tYGJloHiO2ngjZiVXCsxdnwo8zDcgDTdwuM9HNUVNet3pKqCGdgszFBEr7d3lkIq792ATjnCnLDGJsDIQSY615dDdQ1mQQBVS+Ks6s3w9BLVqQPVU1e05+eIxtH7zp2je3VHmRGOto4fJkeTya0MrYXPKsoz+Hv89Tq2mt9yloixYRV6Fqevo4RFnaPtBPAcKGAByyEDHPOkz0out5r6ilt0FHQVcTmANKvkwSOgAUse2DnGQCMjgaaSuRe5/Ht9K0aYjtsNDS/FVNO1cgZA43GFaZXAKNIo9XIzjB29ufbXEFH5Qpq+3K0onMKyUe5ZiByWIyVY8rgYGc9/fUi4Zt9wkuXxLyPLNKhVCGDRgBRGcj1A4CkbccY41yqpZYRTPX0cxqa6lEsLU9UFMyElezKc9h6Qf8AoHoglND1g0JuUEtNXS000jTeRhI3Ixuj7o34FSCPlnHtpkJtUsWBx2x2/wC3+enamZnFOrqVeKmjV+OSBkj+DD+Hy0zI28I3p9+3t7AfhxrRgGsNezuRs8Ack98sfn/HTWddz6cfXP8ADXtQMmtUzUqvlhnOCp4+upBUs4D8OFAP4Y/6abT7bZwMFxkaUJGJfcoG4k98++gpy5pG+p3iKXDK8EqVMWPOgcSx/wCMHIz9NXe6eKk0yoLRQmmmZS0jVTF8Me4RQQMDnk/TjVDJwzKx7+rH+ei/TEMc19pTP5Zlh3SUkbuEE9QozFGWPC5fbyeOMe+t94tsHuzHGPxp6VHIhZGYTR3rS43ZKSnNLeaqRopWpLh5dOtN5dSAGMYdTlk7kZxyucaC9OXvqCOpMKXeZaJEZ6j4o+dFFEOSxDA45IAxySQBydGGsq2y13aGouVNcoDCBcJYn9VNc0eVosZGZVf7SPcnHLZI2jMK1RQ0UVP+uaOkrFqtlTSUZmdZKoHhQ5U7RECu47yMc47nFc2tTie/JIV5n3/bfR8iUjIAI8q9duuLle7W1JPTxpCFD1ksSNuYZGGI52DJwccE6J2W/Wyfy7fRR3ZqhgI4IqC5yKN2P2Y2K9z3APz76anlo6QxT0yQpJOM/H12+PM0kS745Ej48qTIkj3DbgsuSASIFRJRdDKKexym49RSjypKxY/RSqRj7FTklmB+8cHB7LnTH8y8VZioQOIBP+f8zQy2gCEi/KpnU/URp3IAq5WWJVpKa4FJWpnP3pGUDh8BQoJLDuTg41BF6v8ADKpmqKeKZFYsJjTB8nk7g3qLfjzoCWNmLEv512zlpCdwpie/4y/M9l/HsLyRIz8lmzlm7nOgHHLaXNxxE+/Plu0qYZTliB1161bkv97mUPJVUGcEf/lM4bGff303a7rd6UN8DV08WwlQf6vwDnIBPzzzjvoDbba1zlqBGY1EFO8xDHBYLyQMc5+WpElDNQLCtXC0HnRiWJH7lD2OPbP107h8S85Clmw5moKbQmwA+VH3v1+3lDXUm4j2NLnGoiXG9vS1AFRRfbkBiFpkLbe2ex0GSD4ipSGIIk7/AHSWCAn5bjwPlz89We32A27qSkpr7ToYXkxiRHIG1lzkDlcE7ckEZz7cg4cW6SSoiLfEepqMJSLAfKkRXzqNUAesoSe2Q1GePYaYqKq8zo4eqoyXKlvtKf14ORnnnntntpussFTcbxWQdOUhlihYqEWNySdpYD1AE5VSckAcHsNAZi1PM0JWJmDFQUcOpwccMOCPqNQ/mi0MpKo4ya2G0m4A+VWn9d32GHitpY1VQBt+GDKMY4K89uPw0pOpOokLimukULr6WaN4Iz+8EZ1XMAMSFGfw09RUorKmKAsqCRgMkjgfTOmQ6uIBPzNDyI1gfKrJQ/F0z0c9LUu9yrYHWbyEpm8xvMIZAGOG4CkgZzkaKxSzdUK8cUsfxTqqyxzlfLk2Y2lRv2bmkBBGAvoHPfVft9DVxzXHp+tjmq6ff5uKQKssMm3kqrY3rhfUuQCF3ZGM6kpFb6mpRqS/RrUyIoDwwTmaR0wyMYyuC+Q37WDu798hC1EAEW4Tf057+fnW1JGo14xT5Z7NRXhrxT1lXN8RTRmlq4jH5zssqhFKtkqV4O04wMcjTay/qOpuOaShrqmhnJqoFkcRgtt21CkHLoTgMhO0Hb2B4kx3aS7RVUltnmhqKdDGIpUVpfLKFXljjHAl5KgLgIG9zk6GX2oq5aquhkkp4o0doZpKfEnw6uV3IMDmIt6ht5HqA98173eIeCwLbra6+d7/AE52MiFJINItM8XUFwpKC60z1VU85anqadljeMsS7BwRtZMktk4IxwcaL3W9UHUlFJPKKmuNuxJAqKtKIon2oqDLMxjV1DcDOXPzyAHSOaa+SxssM9A9LPDWVL7kEdKVw8qdirbe3GTu245xorLfKavDLbbHT0brSSR0C7j/AORYupRl7zyD74bvkN/dAEkPkrAiOutawoGtVSQlomkZ2Lk8n8B/20ry1SOILyQCD+865H6odudwyPzGMZ10DcmQcbSP3aeyic2+hnhSY5FZXC9zjHGOc69+/XQQAxYEqqk5HtppXLjO4KM8cagpWWAdayJ0p+nVUkUAYADH+Gmk3eVEXXDMDn9+NOx/fxnkqwH14Okjc24k5QHgH2B/11MiIjSspiaVVkdmVjlAp/DRyyipjiSazUlVW3uqnNJaVgBPlyAKXk4GSwDqFHGCxbPpANcnWRpMKpIycHGrHYpLrb1kez0lQa34eZhU7WVKWLb9pKpzt3bNwy3bjHOMVK3HCFj4RxjfO7rnR0gCKOUFiajnoY+l6Wr6gphTLQX+nyBHKXZ2LxydhGGVgsh4DxZ5DY0mtoJrFQ1ttSsrha5gymtqKd4o2jPPl08T4Z3cgBmHAGfb1akU9zupoLLU0FCsVXFbDHR0m3aLnbBIwdcjlpFkRnwOSGJx6eRl0e3Q5ttmt0Et0qNpnkVFaSnPfyUZSVJBBywC/wA9QwaO8CkJNpHlpu5ngfOsWopIkdc6k1nUNZb4jT07g3esjSGVKcfZwx4VlgCchmVwSuPuZPJJ4rE0kFpj20LeZcHUlp0biEEcqnzb5t+Q+elyyLQxPFQOHqWUpNOvIAPdIz/Nu57DjvB27DlgCu0DVmtIIypEc/v58/lQha9Gen7BS19FNLPKFzEQxkUp5Thh90n0tlc5z2znQ66Uq01TMogeFBgorOGIUjIyV405TXGopXVoJmGN+Fb1L6l2tweORqEW5KY4K8ZGs7ttDYQBetSoqJNWPo+7RUppYZ5YTJLM0UKyRKvkBsfa+YecckY/lqBd6mKrlDeSy1ayyCZhNvQjcdu0ewA4+uNCFhaMqYwG25yCM/mNPbQo3Ku3A5+Q1plag1kI0rFJTmzCpFEJDWQmmkWCdnCpIz7QpPY55x+OtCpKGqp0Wkv9c8UhUfDf1lYGEIdUmhzkeW25gxJLbscKc51m+cfMHPt3GitmuyrfYKu8O7okoJbyw3l8r6wCCBwo5Azx8+dNIVlI4moFOYVa62KquMzQ9PVcb1NMvl1EccoeSQFW8oE7j5jIq580N6RxtXBzQJ/VNI8zrM/mMTKvIZs8kH3zqRdLi9Vcqqqod0MNUd0kflKo3HhjtUAA/UAHUeWRpmZ5XaR2YszMSSxPuSeSdAClKkEafL0qQTlFcznVn6dloKmOkoqu1vK8Uu+SoSTZtUHcxY+y4AUngAZJIA1V1B5zyfpqbTXWpo6aogh27KjIfK8jIxxnsO/GOc850VBv4qiRwq5Xp418uK1TQUdbcBiaV4gDKPck+ojEmfXnJzk54GqRXUxo6uenaRZBG+A6EYPPcY/76mVN0jmtFNRmDbPTuSJg3BXHsPnksfrnPfQ2lpZaurWGHyw0hJ3O+B88kntqTipIgViEwNaJU80lZPFNSO6XqI5jZD/b4/8A9j/7h9e5GOop7xA8lLHDTzIjGtgaNmV1HqJG31BcjPHKHOOCRoTNa5IKaKXMnnszboQh3IFIG7j6+/4akQ1E9dUrUULmK9x+rMfHngDJbHbfgcj9ofXvtQ71ORf55Ec/es0Mjr8e1F5+lrbWGiajuEVBQmn+IuCsXqamFN5JkCbVUoFK7SSuc5PJA0ZuVuqLpDaZBOlhuNLbUr+nDgnFEsjDyGZQWMi4E27nh3zwRgX8bD1LQtLNM8FBT7qy7Wykjw1W453hhgkE8HdkRjJA+b0tJPXyW2nuV4jhrrpKtXBVL6GtlxcArC5HqWN4/LGR2ZR/cINRiW1IVCr6X4/t++tHQrNy669KrF9eA3eoailSpWZA0siYWNpiuZfLwB6PM3beBxjUAEBGyOMjRvqB43EBqjb5bu5c1E1vd9mckMZFICGRsg5jwB7jJwAY2l48ZIAJfn/fbVignKCaGRXSRGuCwOeW/wAhqOix4O3tn66ZMr+vzIsbuAV9tSY+I0yOcc5GgJcDzkDdUinKKWrbJEcnAU8/hpS+h8fsnI/I9v8ALTTgYORlTwdJcl1Q7vLVfS4PPbtopcynSogTUqkt9TdKkUlBDLNUMpO1FzgZwST2A+ZOAPcjR+lpHlopbBQXH4qlmZJbzPTBpYqaNW9MUbZxI7N/dGGYIAxG46507eJKda2z4eSmu5hY+XSJVYlTJXMT8OvJyAQRwQeMFFwkq6Keot1vainrpGJqTQQiCCCNFI9PYbiCdzkZA9IIydKPtuuLygeHeRf0FESoAc6k3e7VM88dBSOz3DA2+W4ZaGNYzGIInx7R7Q7dsrkfM1w1EMdK0FDuMrxhambszA/sKPZcdz3P8NTKeBKqWG22iRVWo2rLUSkR7z3IyT6UGDwOTjJ9hotF03DJbKE1MS0kiVLCrqFbzN8JOA6qORgh/bnHGn0NEDKkWHXz4mhFQGvXXCqnuKp6Y8Dtgew0oeo5Pt7fPT1UsSVLrQTtPTA+l5RhnGmmOBnvoYTx3VlWKzWanrIElqljMuWkVTUj7RcFQpUDKkPg57kdtAKqBKaokiin+NMQALrGyEse42tg9+NJgqapY2hpXMZqWQFVXLMVYFQPfOcYx3ONb/YelrL4K0EXWni359b1qVjrbR0/IjoS7Odsrvja0ilCXXkRgjI3lQKLbG28NsxtPhKnFWQgaqPluAkEqNgKcw2GW8TJhI1PDrhQq0eEPSPT/TVDcvGjqWt6Uud2Ej262wEeb5a42tMvlOUyQw5wOV98gKg6N8BhQRvdPES8pW+WplSFTIhO0FlH9Vxy2QOfkedZh1v1refEe/1N96mqfOq5cRxqnEcMQJKxovcKNx75JySeSdA2LsihGw6HKFskfhqja2LtbFsl3FY5aHFQopQU5Un+1MpJgcd5vamzi8O0rKhoEC0mZ8zW2P0Z4Ek08cXiRectEzPO0TeWGAHpC/DAk5YdyOFPOup0l4BsK/zOvOo4TBIUgYAP56BV+1Cim4BYsNhOcLn3GsT2LApVd5VvuhnyU/6acJc4Zshvdc9/qD8tNo7OYrLlO0Xp80//AE686Gca2D/op+v71t8nR36Psb06L4gdSSB2KySoo2x4XO4g0ucMeB3wTz89Pr0b+jyBl/EfqEgewXBP4f1TWDKZFJZQxH+Ln/XXC+13CMWjKgknuOePwOdQV2axNv8AmL8+aP8A862Mcg/9FP1/etgtnR/g1PPRvdvESthpDTTGpWESmUTeYnlBd1IBs8svuJyd4GAF5ILxH8MIel6Ci6n6Nr5OoehrmrNSXDBLwESNHtm9K4JZSAdo5yvcc0FI2lAVC7j9kqOw/DWj+F3ixUdCrW9NX5zX9G3QNFWQPTrUpSb8ZmjiY+sY+9HwGxkYYA6hjsFtbZMY3CPrfj4m1kQUyScpCZCxu3EAA8ak29h8R/ScQE8xx58qy5TuyPpqRSywUsheogSpXadqOSOeCMY59v4607xf8Hh0E0HUHSVQbz0JdPXb6xH8zyNx9McjDuDzsfjdgg4YEaydCHdS5+0XJA+Wr/Zm1cNtXCoxWGMhXGxB3gjcRvBpF9heHWULFXKv6gT4EUnxflSR06yRPRH0h2++hyMgHgkg9/oABUVwpJT0uDkMO4Pzz89MSyLEQijJAzj5DTUcgDqzu2/PIxxqwcxYzhJ1oKW4TarFBUSzzLWW9/JusILnB/thg5YDtuxncv7Xce+p8c8Fwinr0ieqjkgEd4gb7SVPVn4iHkHcp9X05B9J1VZJG8xBBuEofKsoORj34+urtbelOra1qS72Pp+vjmLgJMkOyOfv6ucAA45HY99HLjb0tq0Hvx8+I31EgphQ66+lQ7lQUtTLAK1/1dWsmaWsljd6K6KcbZQeWjkbOW7jcSDsIIISutVZYrjPa7pC8FdBIUmjYglGIBPIOPl+/V6qLfe+i5YCtq6gopqxy/wUVx2Ujyk/KLkg/wB3IPtnVIrmrmudTJelqEuEzPJMKhCjsx5Jwf8AePw0FtlbavEZ4GplQULVD49sDXtczxnTBqWJ9ETEaItxDfxVAJJ0qQQCMHXILe1XIKajheepmYLFGpyWbXdHKWqa29L1VTbXSG41NUaczBvtFh2BiB8snOTqZaS7MjQHz9K1mKdK9TyiypFbbOwq73NHipqhwtOn7UcZ9iOdz+2O+htTIkaPT2+ZpYGbNRKoOJiDwBxnaP4nn5a7dB+rjVW2kO0x4jmlPDTsO4/5UHsPfufpJ6YkpKaSRK0F4/7RkaQLEyqCx3DuxyBtAI51BC1z3UQB9P35n7ayIAGbf10KEqzGRhIrRqh2sGGGA9xjv21bE6jpXoq2hpBJRU0cG6j3gPIX43Fj2O7B4xxuOD8wd2mpZ6wyUQjdXBkM6sxaTedwD7v2lzjjjjUEHnnnHOpoKkpifWokJO6pd0uk93qTVVaxpK4VWWNAqggc8fU5P56h7WkeKGFHlnmcJFGilmdicAADkkkjA01KWRDt7DJJPYDW4dA3XoDwq6Z/pbd5k6n67mZ1ttrWnljSgdJCuS7KMNkKxcYYDAQcltUO2drK2bhyptsuOGAlI3nmdwG8mw86dw2HDy7kBI1NHemulbV+j/ZYOsvEikirOs6pc2G0x1AYxNj7zDsrDJDSchAcLl/u4Z1l1leOtuoJb71NU/GV8vCqMrHCntGi/sovOPckkkkkk+6j6qvPXF5qr91VWvXXOqOGZhhUQdkReyoM8KOO/udBX2HcU9TgYAI1U7J2K4xm2jjVBeKcFzFkj+1AOg471G54UfEYlKv6LQhA+vM0iNEVBlyAxyAD2+mnww7LkgDvqMtOVwxbdj2PtqSFC+2Mj27a6pgLAgpiq9cca7FK6EKAGxkc+/8AnpRlVVChdrM3ZWOB+GdNIfWRnn5abnid5AUOOB7450VS1IRmSJNaABN6fEnlq2RvJPBY9vz/AIak01Y2x5IdibeMrFnH4+4/jqLt/DnTHlSRuXilAkBB541FZcbUFC4rAEqsalSVTyCN3k4lOFYDK/mRj+WmnjPmcxsE/ZYEEH8PcfkdPRSLIg3xhOclV+4fxGlhFYkRzLGD+yxJU/Q8c62Wi6gFRnTq9bzBJtWpeE3i9H0IkvTfWFK158P7mClbSSAyfDljy8Y4yp4LJweNy4YZ1G8XvBuTw8np790/P+uei7moe310L+b5W8blidl4OR91+AwB7EEDNY0WMYaeIEDuob/LWteEXi/D0dR1PS3V9Il46CuIZKmnnQzJSsxyZFVcMYyeWQc59S4Yc8RtLZOK2ZiztfZaJJu61uWOKdwcA0P6tDNqs2cQh9v+XfPkrhyPI/SsyufRt2go4rlBFDX0MpAE1BUJVBTsDEOEJdCM4O5Rz76BUm0spLhA3ueCPn3/ANnW8+L3gpP0PVR3igt9gl6PrAr0dzguD05AcFljKtM7uSBlWUMGAzwdwGddMdS0Vg6zor7eLY3U9PAX8yl/Wk9M85MZRSZwocbc9vfGDwdPbMx7e02zjcP403IGh5ggmArcQSINCeaLJyKsaHVV1ty0vwVotlHTQ45nnxPVy/UyZwn+FAB889zPsPT3UNdOj2GCti8ra5qndqeGEZ4ZpG2qB9cnsdbnZ+v/AA+qYZUm6cuHTNYtwjlnp63qOvNOkDDmHzVyMuFOHbafpxr1TT9DmcXV6ez1xeoCRN8QtS2452+t2+nc49vnrqGHvDkDOTzg+xNVq1wZN6qHUdUotVU9+uklXaqa6OtFLRRsnxzAYzuJLH9rYcgEIzknK5RPPF1Da7dQ1EkddT3hkggqJg1RJSSf+mgABZtue4UhlOd2Rrvn9Nz2mv8AjbxZqqJrhMfhJ5f/AC0TTO4ESjBcEEHKkFSSM4JGgld1ZbIpLVD0fb46XdVrIKnygih+Iy6DHfBAGQABnO4knTSFKsnU/ShEDcIrP75RR2i73KhjlMkVJUvFG7Y3MoPGcHAbGMj550NDFhlORqb1DTs9zrSryTMlZOjlzlmO8ncT7k5OdDYC4TAG3ntpJa1odyKFhTIAKZqVomaSM9NpVDPmGveIgHgqI1b/AC/joYO40adQvRcbchv1i/GTj1RDHHbsP46smhc+VBJiPOoXUOJrvcAp2hZ3IAGOc5x/v5aFwuWwCuMHnRW9gC9XEqMZqHP8dRIMCqgaSMTIHAaPdt3DPbPtn56VcQS5m51NJ8MUkq6qGZWVW7MQQD+Hz0qGCorKuno7fTTVtXVOI4YYF3u7E8Kqjkk6uUsNPTUcCeZHTS07yRAVIM8dMZMsVyOO3YnJz7d8XT9FSEr4m3uaJIJK+msM7UHmyBFMrTQplWIOCUZx+BI1T9odoK2Ns1zFoTmKRYc90ncJpjBtDFPBBMTRV+naD9Hiy012v9TQXDxEuELGlt6oJfgY3R0LLIGwrDfu8wqwYrsQY3NrBbhWVV4rGrLrVS1tW6qsk0xLO21Qoyffgafud7uXUlxqbx1DXTXK6Vrb6ipmOWc9sfIAAAAAAAYAAA1E0tsbZb2GbL+OWHH3IzKiAOCUjckbt5+UGxOICzkbEJGg+5517TcrMF+yHrz+GNOaSyhhggHHbXRLSVJIFICxpEavI7RRlpGIICKuWOBk4A5OBqx9J9FVF/6moLXcqn+jdFIklRWV1XTPtp6WKIzSy7MAyERqSqDliVGRnV26PtN3vfhbV0XhtQyV/Uovby3qK3xb7kaFYoTSGFR6zEJhOX8vkNs38bdR+nLrWTeFfiRcK+trK2tP6ostPLU1DyNFBPPNLKFJPGRQxoR8uNc87iXFJWhMAhWXW8k2McN4m1OpQkQfWoNX4R3k9TVdq6dqaC7W4WwXuju89XHb6eptjOFSpLTsojO5gjIxyrhl52nU60dIL0rNeIetumLV1ZQpaxcKie09URGot1Os6wNLFJBI8ZcvPGNkiPnAOAAToZ0NLV1Vh8RIzOZoqXo2RY0mZmWOI3GldlQA+n1uWA7ZZieTnXfD1f8AwjxUACjPRrnAAHP60oPbW3lYrKttawQkoFgQTmUBMhQjyAj0tUkhEggazXbz4Y1w6uslm6NkbqKk6lp462w1XoiNRTtuB80bisTxtHKsgJwpjY9sHQbqnoO79K3ujtVVDTXGa4pHLbJ7XUrWwXBHcojQSJnfl1Zcd8jBGtDeS4DwqsFJL09TXH4Lpe9XEVNbIAaOhqrjFCk8SDBLiRJQoPBE5bsCdEfClqKm6e6I6je10713T966qqY5DGN0j0lojrafcRywSZAyg8Dn5nSR2s7h2gtZCgnw7iSb5VSDbcCIvcithlKja01lfXPQ168Ob6lm6jip1qDAJ0lpqgTQyLkqwVxwSkiPG3ydGHtnVdznVrn6up7x4YWfp67GuqL1Z7zPU2+Z2DRCiqYlaeMknOfiI0kAx/xJTnnVUHsP3a6DAOPusy/8QJHAHgRyI+s0q8lKVeGu5x764CytlSQfx769rx9+NP0CtZ8IPFuDpdZelfEBHufh5Xo8c9EYhKKd2IPmKPv7MjcVQ5DetfUOY3ix4Rv4a3qlrqad7v0XcGV6C4QursVZQwjZhwGweG4DgEgZBUZZ5oUDfga3zwgu1VcvBrxUoryv61s1ms+y2xOgkellqCzsI88hN8SyEDhShYYyc+fbUYOwcWNq4I+Fakpdb3LzKCQsDQLBVc/qFje9XWHX/Nt9w4LgHKeEDTy9qz2G70gtdE05WjMsjmmml/rLRFeQX5BJDYA447n5GlVJ+IqJZZfLkldizOEADEnvgDSF4AOctgEn5nXe5xkEnXoqlZrGqUDLpVjkstKLcKijMVQ3ksgMUu3cQTmRlbB7Y9I+YOo1FndYjntN7/8AurjQ2OeaSI0/mDyi3mYfnDBdoP7v5anUgInshiI3y1YwTk4xIuBj+emEKTmsOpFQItc0xelK3a5E4ZWr5iuWyfvEHQ/APtohfT/45dPpWSj/AO86gY/D9+l12WfOpg2Fe/aUDue2jVR/+DyB+zdmAP4QjQRPTPHk92H89GJC8nSiqFGw3WT8d3lDAx+B1tkzm8qw2io9/XF5uIAzidj30JjaU8uoC54+eiN1meor6qSVPLleQllH7J1OmraWe1y/ZU5qokOAyPGsvpCgqAcFx3zwDzoTqJWVTp9a2kwAIoWKiUQy0wlfyZGV3QnILDsfx51uv6I7Sf8AxJvICK0f9H5d5LAbB8RDyPz4/M6wGLcD9pkMeSCMY1u/6LEy0/WnVM5gmqmi6XmcQ07YkciogOF5GT+euN7YKK+zuK5p+4qz2cIxaBWE0/MK45xn+Z05piMoYIiOf4c508CT3Ur9DrrkHRM7qr1jxE13TTylTgrj89O6bEaby3O73OdY5mtlqKY30obt0bxsySKQyuDgoR8j3H5a0jwypz1B0z4g9IUg3XC42eK522HJLT1NBN5zRoo+85ppKrA7+k986zknUy03ausVzo7pZqqWhuNFMs1NUQth4pFOQwP+wRkHS+Lw5fZKUGFWg8xcURtzKb6Vsnhn0xBaJa6j+Fh6nufU3h9LWPZp60USAyV8bwxmUSI2TBEk5AIOGA5B0mxWep8PLj4h1nVvSlsgpK/o+Segs1TdTPBKv6zoQqmSGYyMFKltpcMwXB451QOm7XN4qeIaJ1Tc6h6u6tV1lfcWpxUzHy6eWd2EZIBOIsAAgAdu2jPTXg5Hd+oKKkr79b6Ky19Tb4KG6U9I0rVbVm/yBHD6SpHlSiQsQIzGwy3p3c5iG0trcGKduoJKrK/SqYTHysJiKcSqQMgrQm6gtnVvUsdZPV01qXxN6HqLWtLJVKtLaa+GbZBCv/o07SUUQRT9xZ8ZIGdBUuMvhlB4ddM3CntR6gWsu1XfrddKkxU9IlziWiWGplibdEwgVpG53IHTPuNZ5fuhILPZaW7W+4pdF+HoWuNOaQwy0klVT+bHxyssRG4BwQQwwQMgmnzEJGyRhVU57AfLUW9ks4huQslsboIuAQnfuBHnAO81inikxF62Lxf6ZsHRvTlqoKrpOk6U61nuU7SU9FeKmsSK3xp5atIsztgzS5eMrjMcYPZhnFpZSzNHsIPtg6dldnZt5ZmCqu5jkkAAAZ+gGNNxetfMP3hjP1GrXDMLwzIYC5NyTf5CSTA3X9aAtQWrNFPRcx4ByAe+l8e/vqOpjidgmQDg6V5gdkQIzBu/01aJcATBN9KAU3mkTQgyLv8Aue+tv8KbXT3Lwb8YkqPJEVLHbqxRLkAvHHUlRx75YY+uM6xdcABVHp/fjW6+CFEajwk8a0XcXjt1PKjqxVl2wVLHDAZGQMH5gkHgnXI9qyGNnd4m39Rq/D+omrLZ/iejkr2NY1azb13C7iTy2UCOSM48tsH1HnBGcZ444PsQSlVaJVNJa6mOip3jUS/HCT0OhA9RPvg+47jGOMaAQybhDGzKifPHz764D8PJGk6xVMUeUIVvVg/8x9xxrti4G9RIqsiaVIjwllUqSCckchgDj8wcaI29z8RY2AJ/rbNkD38xNDTkHk59I/lonQIiVFj2ZxJVkkn/ANxdGQPHbl7ihnTrhUe9NuvVzbBXdWTHaeCPWe49tCwgkLFzgg440UvZze7of/1k3/8Ac6gYHy0F5IWo8JNSSYFNKRKUdD60GM41YJQp6Q2Ro0jyXfMSgZYlol9I+pzqu7o6QAckkZJ99bh4LUVFSWWsvdyp2k8ueRYpwjSLCiIrOQADtYgfexnAwMA8rsuZcwMZt9bcsJ3VmV86euVuuRjq6OekFU7SU3xh8pnTPDNn7v56Ey2+thoKO4TU6rRVpkWCQyA7jGQH4+hYc9vl21rXVN4pLl1darb1DaaisrpPLR2lq2AgMxDBEiHowpKhsg5xk5zoT4qXapq6izUc1AlFFb45xR1NOojiqoi4VZUQAbOYyNvOCPfTASXFJExNRCoiRWYNtRd6nPbnPtrd/wBEPbL4h9TFwjovTEz4ccf+Zp/3d9ZdeYrdfbE1dAooL7RsvxsMaBIa2JjgTRqBiORWwHUcMGVgAQwOr/ogRCHxEv8A3f8A+W5d31HxMHtrz7tqh1Ww8UIgBN/mPnVzs3KMSi81gNKoFJEpPKjJP56eGRwRg6ap2DU0ZX+6f5nTo9IAY8jXeNZQhOXSKql/Ea7jSVXbu5zk50rXtFi81Ca9rmecY/jq4dLeG156stsl0gqLNaLMlQ1L+sb3eILdA86oHMSGVgXYBlJ2ggZGSM6BX/pi7dHXNrZ1JRy0dcVWVUYqyvE3KyRyKSkkbDO10JU9wdKDFsLeLCVgqGom46+m+id2oJzEWq4eBgefxRtUNPDPUTyUN1jjihhaR3drbVBVVVyWJJAAAzrV/DqyUsFy8PqTqC8w2OutV5sKNTT00s7PVBKqUU5KAiJws0QYOQEL4bBVgMr6d6W6fv8ARWiq6W6ypuk+p6WELX0nUNc1GjzAkCekrY02hWUrmOTayENhnB4nVvgjPZ6enq+peuegbRb5k+IhmS/GuaeIOymSKKmjd5PUrrnjLIwzkHXL48sYl9QW6UE2jKZ3jgQRvtPpTreZCRAmofU81RHZblDFSxy08lp6aM8wnUGFlp/SNndtxyCf2cfXWd+RJJSSVSI700ThHnVCY1Y4wC+NoJ+ROtGjvnh90T6ek7HP19eUI2XTqaDyKKIgnBjtyOfM4PeeQjI/s9Nx+PHiNHXwVZ6srjDCFX9VrtjtrxYwYmokCwlCMgjZzn586tcN/MpbIYatxVYn0uR5mBQl5CfEflWZO3Mq5yT6h9depgfJ54zqy23p+XxE6qu8diFjsUtQZqmkoKq5JRwgtINtLA8pALevCqzDIXvxoZd7NcOnLjV2q+UNTbblRsY6imqYjHJE2AeVPbIII+YORxphpxK3ylVlATG+D0b0NSSE8qHeUssm4kjgcDTwGD7Y7dudJiACLj2GNL1YtoTGYC5vQCTpXGbYhY5wPlrbvBa822g8LPGKG4VlLDU1driFHBJMqvKwp6hSUBOTjeoP+IDuRrD5n2qpztw2c63PwRpaSo8MPGR5qSnmP6sjCNNFGwjPw9S4I3KTuDICMEYPPtrkO15QdmEOTlztaRP+onj9astnA99I1g+1YcgKqoPcAfy0iVliG/B+uPfXo33xoU5GBn92l53A/LXZEhQ8Jqu0N6Nz2Y0tBT17yqqmEksftI5G3bVVCvsRnJPyI1GhZ2a1RxZJ88mMhwp3F1wQTwD7c8abe4Tz0K07nIjk3bgxGVIAC47Y9IPbvp+jVZTZBIBhasg5HBHmLkEe400kiRHL3FCvvoPdp5DdayRjKJHqJHfzMZJLdzjjOlROZYw+MZ0Q6gQTXi5GRQStZKpB9huOP4aGx52/2QGD89V4bU0+o5pSZo0hSBUBiZGLNyffGtQ8Pur06Y6XuMNcZXobk1RTvsTcYHMIAcfQhtrL37EdsHP5RmNgAM+2i4JToqEzMoxdWzz7GAaFh8N3bqsxm33FbWrOkCvoyhuVJ1FR1nUNJYyZqfzhFUPsdwFjJMjAE7e4A7kkE8Y4B9T+HL9Z2mxz2+6JHW0dCIw00RdJcopxlORhi3OD351ht1r6ihvd4FtqqijnWaTLwSNGSucEHB5H4/XTada9SLb1pYOobqsI48uOrdQBj6am4+lpZA3cOVBSyqxSYrRvELojpXoy305W61st1qoqhFtwkhkkilUp5LP6VPklDJubAJfhQApZrd+ifSJS9c3quetg2t05MEhZZEdsVEBypK7G/Jiee2vnOEStUGaVnMjDJdiSxP1J5/PX0Z+jLelHVF5WlrVs9UbQEMLoDS1cjVMKowBOI5efugFWwfu9jxHalD7nZ7EhxRMjfuEi2gtz8vOrrAEDFIrBai1VFs8uCqNOXMSyKYKuKZGVskEOjFfyzke+oswKKvpPfPfPH46kThUqKiOSj/VsscrLJSLGyeSwOCu1yWGPkTx20ySo+7I6g9xjOf467lshxhKgdw0qrUIWZpJYsoK8Z9jpQ9s64y8qw3OTy4U9h+Hy13jnHYaMhUmoEVsvQ9itPVvUPgvT3G3RV9j8qa1XSAOFaSrWqq53VlVg+TFPTEScA8AN6CAB6u8xPCjwopLk6LcMXaoijbiSO3SzxfDlh3CNKtSy/wDKSRwc6O/o69IVU/iH0j1TVVdHbKCHqCKjpDPuaasqBGWZIYkUl/LDIzM21F3KMksAS9RQXLr+6xdGdZXCg6w6gr7S116O6woiHnrQsbyrTVEjBZHRvKli2zDzIZVAHo41xS3QztENhUobueIu4DA0kSM2+ByqzAzNTFz+Kn+G1m6d6X6k6I6fudht19uPU3TtTeblXXCH4n4aOWiqZqanpomwiFVjjd5CGYs+BtC8hbRZrPLRdE3q/wBLT1lB034ZVN7ko5kIjrp0utXDTxS7SCUM80O4Z5VSPfVutfR99uXW/hnfLBV2eKmi8PqVXesuFPPIALTMsi/BmZZ2BBYDauBndyFOqVPb6y7dCW6ntciZh8JTVVCCRgWihv8AI7qAO+ANxB49JPsNV6HQ8tKw5dcZjJtmsfKxgRy9SZQJEUC6quFpFD0Z13brBY0qLrBX0V1tIoitv+MpyEMyQqwCboaiCTahAV1JAxgGzU/RHTRpOj4uoLbDGLX0ZP1d1B8DMYZq+JmJo6Xf6tjOpg3OBnExI5A1TbLR0/VXTfQPR09UttkrerbjJUVNSyxRwUs0dDEZdzkDA8if84yOTxq0R9cUvWHWfi/dqSGKKnv1hqaC0U5kiptkJqqKGkj9ZCgLEicZ4Csew1a4kPNtqbaJHd5ryZicqRM8Cojf4RyoSYJk76PT0vS/WnTPTNXJ0/07Q1g6N6uq6ihtkAjFPNT+caV3GS7MoQFWkLE4zyc6zrrm3R1PQPhp1PJLLLc7pQVtvr2lJYytRVIjicsSScQTQx/ICBQO2totXStTbLD0HZK9bbSXKfobrWCWoWtp5YF3Go2mSqiZo9q55O47OQccjWNeKgqbJF0l0ctfR3W0dPWjdRXGgYvTV71UrVE80TEAsokPkZ+dKchTlQts9SFY8NsnQkiTPhCnQfnaOQrHf9Ik9aVnYGB8te17Xtd5EVV0iUrtw4BzggE63TwOeoi8LvGn4amienNmTznY4ZP6tVbcf3vfjjGc59tYTIhyWC7txAOfYDnW5eBtPLF4deMFUKGRo5bHJTioEZ8tdtPKzJuzjO4x8cnkds64TtgCvZakkCStsD/3E76ttm2enkfasIt0XmVdPEwf1KMhELtjHOAO50eqrA1FTpMJxt2SNumkCiTDDaEXuTtIJGgwmaFEkjkaOVFBVlOCpx7EalPcKmen+HKwx0pSPMSJxuXs/wBGOeSO+utaSlk5Inh+flSCyVGaQhAJB7MMHRCmkEEtjaVGdfiXDKvvh140KlkEQBfAJ5APfRqhYTVtjVAVJrSSv4up1ZNmV5Qb296AoQL9WqDcmkkvV5Z1K5qJX9Q/a3/6nQ2WRQ3dhx+OjF6cLe7wzkEfFTBifYeZ/v8AdoQacNy/qPzBxpJ5K7pRe5186IkiATTrSomN3GfnojLiXo5IiQzC5s34DygBoUIg4UygE4yRqwQUzVPSFRDR7ZXpK/zqhF5ZYzGFD47kZ+XbRWgXSoKFoPnWjCYI40OvELG/1ryfdaZ1Y55PJH+/w0+1iqKek81F84A7/NjwyFNuS24cDBOCPmNduTioJucDbqeSbe5xkxOcNsYfvIPYj65Gu1t9lvFC9LLGzKJmdmbCBGZuCqjGOARg/PUMrDKjF1GSOuFZKyBwoaGDHuCdE+n+oLj0reaS82GoNLcKKQSRSbQw/wALKeGU9iDwdCgqwodg2ADn30ektKQWasrRG8jNGipHOhVoXZwC31XbyD9fprbiEusqQ6kEEXGsjhW0koUCkxWy3CwWn9IWz3O/dB2ejsniDbszXK2LKTHco2yxkUN2ffgKfcttfHpJwKQTRzPBPB5FREzJJC8W142BwysCMggggg6JWS/3Xo6+09z6ZujUlzpkISqhwR619SkHIYYOCDka3Lqy12nx86Vj6s6KiSg69oY0ivtrMu34hUQgSZI9bHb6ZDjOdjEsFJ4Ft17spiUsuknBLMJNyWT/AGqN/ATZJnw6G0RbFKcejMmzg1/3eXOvnPa8cqSIuHDZ3JkH+epkhilG9cq5PqQJjn5j5/w/DSJI5YGdJkenkRijpJ6GVgcEEHkEEdjpOZcrsdc9zkgjGvQG0hExeb1UKk61tfhNVXC4UPS0nQ0UN26x6Ov9bdI7BUziJ7lTzw0+TTgsN7RmmffGvqwykZwQGuiekrj4F3Gm678QqR7DW22GR+n7LXBVrbrWsjRoxgB3RQREmR5ZMA7VRQxbjHJtlQN7o2xjyDg4b8/x7/8ATUeNArOIggReDwFbP1zqoewCu9XCxlcN/DeLkiZiLn9JNzTKXvCJFxV6tvincrV1d031JBTUArrHZorPTRyQMySRJRvSh3AIO/Y5bv3x8saN3fqW59GReEV3tUMFUsfRTw1NLVIXgqqeW4XGOWCVRgmN0ZlPb2IIIB1ljBlYLsbf7enOpM09ZUJTJUy1EyUsXk06u7MIo9xbYgP3V3Mx2jjLH56k5sxl1aQkAJSCCBvEQB6VEPqSL61oVB4xrb+sqG8f0OtzWG1WmotNssEdZMkVJTzCQSFZ+ZGkYzSsZGOcyEjGFxWrZ1otnjv0dls9BRx3q0TWqZDJLIIopJInDKXOfMAhC57HJ1XipPddje3GA3+umvfnk/XRUbLYakC4IAgzu6vUS+s1e6LxVu1BY7TZ4qK3vS2y0Xi0wsVYOYbiX85mwcbl8w7ccdsg6l9X2yrr/DnwhqbbSyVzSW64WtRTxmR2rFuU8gp8KCd5SeNlXuQ+R31nWjvTvW3UnSEVdF0tf7pZYq9NlVHRVjwrMMY9QU9wCQDwQCeedRewOVQdwwAUCTfQzMzE7yTpW0vTZelL666Ubofq679OyXGmuk1qqPhpp6YEI0qqpkQZ90csh+qHVeLAYycEnsdIeISKFBK4PGO+rx4YeGl28UuqI7VaPsYIlWSvr3TMdHCTwSP2mbGFXuT8gCQTEYtvZuEU/i1gJQAVKOnMx7D0rSGy84Eti53VM8I/CW5eKvUDQU7y0VlpSHulw4xCmM7EzwZCAcewGWPA1YfGPxUt1daqboLwwjFu6Jth8tnhJH6wZWzuY92jDZbJ5diWPsBP8XPE6126wJ4aeFamj6Wosx3Krjl3vcJQ3qXeANyk8s37Z4HoUZwmRwAzNiNR2yODrjsFhH9uYgbU2inI2m7LR/T/ANxf+8jQH4RzmrJ1xOFR3DJkn4j9hy96mx21Ku0XGrLl5qSSLCeYAfKPBO3u3LDkdtvPfUeJt4Vo085AwBGfvD5cas/SNO0VWZzcrCnn0rwSU1Y7uCrEHDbeA3pBAznV1pulbJU3KvW7dPUcFbGI2cQTu1PKsmQHRfSVOVYEEcYz767xlsuqzNx4v8jjzsY0qmcdCJzbuuVU65RQ19BILXAJlpaLzKpwwkEMSMAAhPqwCx54O0HvjQOOb4n9UiIkGardAU+9guvI1rvTlqttLa7hTW2naOGSepjnVwS3BcBTnnAQqB9Ofc6yGxwPW3OwU1vHxBpiJpiPSqgMGbk9goHLdiTxorveNqRP6+HmB62NQbUlQV/t/Y0xXQrT19xgaRpmSqkBdlxuAY84+ec6Y4H01LvFVHUXS5VELiSGSqkMbDsV3E5/joO1QxJ2sQProDrreHMefvRkpUupDOBCzrkk+kfidSrXVVNqliqKKZoZ4s7WHIOe4I9we2PrqDTyF53DnIH+WpWdRZIc/qA6WrFWtV+6Pslvv8tbdqelljpt6Kbf5gWJqkDc2e5MYIXCn3P01U+pisd6ukqvTu0lfLlYnJCsMbs8diScfhq8eFsVStBc5TLikkqVWOPHJdV9bA547qNXeOGeH7Jmgajy2IxHsCAnIBXlW5zknB/edWjWFLzCSmxvJjXX6Uit/unSDcf4rF7f0rcblZ5LtGaelt6JI4mmk+8EBLFVUE9wRzjTEF/q0oyI2kNW8olaoeQspTZtCFe3/YfLWiX61fCU8dtNYtn6bmaUzCmpizKMhxGTyQrNu5xgYweNZdUNA7IKCOokGSDLI4PmjPpKpjK/gWP5aUWFsrymZtP7iN3M3pptQcE9evOmFDbmZ2DM7FjgYGfw0V6f6iunSl1iunT1Y9FXRKyB1UMrKwwyOpBDqfdSCOB8tPw2GSS33MyxVC3Kl8tooBGfWpJ3fj90n8tDaunSmaIRzGXfGHZWTY0ZP7LL7H+BGCNDcYbW33LiQUkaG4I3gzU0rUlWZJuK+guoOmbH+kD05N1R4fQ/AdeW6nQ3qznIFSAAm5XPpLnGVb9rO1gGAJ+eXgeJ3jkHlyRsVZH9LKwOCCD2I9xon0t1Tdui77S3vpuqNJX0+QDjckiMMNG69mRhwR+YwQDrcOvLTYvHLpmTr3oOlWg6rowo6jtfmqNzHARgDy7MeEdfv42th+/CsLe7K4hOFeJXg1mELJu0TohR/sOiFbvhO6rZYTtBBWmzg1H93Mc+NfP6HY6ySgMoBDEEE4/00ianVCcEYYZHPpb8/b89cZAkjI29JFJDKyYKkHBBHcHOnvW8e1EDEEnHsw9xj2Pv7e+vQoCk1T3BoZE0p3AxmUDvsOcfu0/5iqm4BgB8/n8tKZEk5gKB/k/pIP464q1TxZLNkOOQcg6SSlbUpufSimDfSlxzkgmNuPke2nCPOXcpw6/eBOc/XOub5UAB3j5DHt+7Xt/qBkG1h2bH+86cTpBoJpDAqSGUqfrpOR89PnKkqjbT7Lu4I+hOjfSPS16656iprB0/AJq6fLMzriOCMfelkOOEXPJ9+AMkgaDiHmcI0p59WVCRJJ0AG81NCFOKCUCSae8P+grx4k9S09i6dj+0fD1NQykx00ORmRz/AAA7sSAO+tT8SPESz9BdLL4YeFHmwwLkX+7MAktRKRh4yQfvHG1yDgD7NeAclPELrG1+CnTk/hv4X1G6/SD/AOYb4gCyrIQQ0akdn2krgcRKcD1liPnq2SRUlSu9jDTsjRybYhIShHKgH58c9xrgMJh3e1eIRj8WkpwqDLSD+sj/AKiwf/gk6C5uYq3WtOAQWmzKz8R4ch9zSJ6OelLpUQunlv5bHHpDAZxn8OdQ6h1MDPglV9XHfjVurKj+l9dTwRwpTp8PLUTeS7ZiCKS24YwWwqgED3AOdA7FR1NVXUD0lOJ4I3Qum4jfhGkKfMkojgfUjXd4tYAKRcEedzA+9VKL+I1p3SVlktVg+EqIqaplqFWWeGTnzC4B9QYc4HGB9dS7VaDYo6+KxU4kEkytH8Y7KGUcbA4JY4B4yABg5+enOnpIauKR6eb46ioT5FvrCpQyQlFLKc9yp2oWxzt+edFwSvmGWIxkMQPUDuHzzrpcMhtTSVJGgjo1TOKVnIJ1pJiDCCa5uwFMWZ3EhwcjbyP2hg9voNYzWzLZqapsVBG0EiTPFcJ2PrmKsdqA+yAbT9TrYm2pNLVzGNVp4WQNuwVz6myc4A4H11jXVsi/0ovkmDs+NfJHIzgZ/jpTHw2UK8x6RP2pjC3JHXV6CbM+ah9K59vrrwpkA5yfy06rbhlTka7qnSyjeJ6mrDMajU0Oz7R/v6eDEueex0sd/wAdRS2yUBc5JwQdD8OHSANKkJWb1svTW+z9AUdVSBDMlPLWOpP9oSzEjuPYKeNWSamp3jNAGMSMhY/DOY/TvwcMO2T8jzqnUlUqdKdO1EaFpf1PcFictgAqAGyB34X5jtq31MdLbUlaueH4OMbC8iKoVM7QAMcg57Z10WEWkoyDQAe1U7yTmzbyT70RWgrYrT+to6GV7bBMtKZ9w2rIU3CNjksCVz3HPPOsIuPTxtkFzmrK+jpHpJykFOJMzSkvlCB7JtOd3PAxwdbn07eq/pu+QXbpm5GhrKeRz5kIDhWCGMelwVOAXB4/aOoldGtaJ4ZTGWcF2jOFXDEkr9FJB4Hy+g0DEYZ/EKIUQEjQ3m+4jlrIN5iBv2y8lnT1rO6aW4WeGjNxSpmkutPKaSmqmO9HUbFOwD/iF8YxwBnPJ0B6vhjpr01NHNHUSQ01Mkzoc4dIVQpx8tufz1ol26fo7QIa6khqaSWFtq1qzs8sYf0hQJNysuTjaSMZzkazTqdAt4nqEmkqIavEkcsr5kOPS24fsncp4HGMY40g42tpWVfX+Tanm1pcOZPXQoT76LdNdS3PpC9013sM/kVkB7NnZMmQTHIB95DgZH0BGCAdCsfw50TtVupxT/rO8syW5GwkStiSqb+4o7hfm3tjQ3GEYlCmnACki4Okc6MlZbIUDet2q/DCi8d4our+g6q2dKvVTywV9tuM8jPJVgCaaZZOd+TMAMADaik4OdRh+id1VDUxpH1D04wcOGcTSbVKhTg8Z53cf4fbWH1tT+tp2qaqKnSOKPZDEi4REHZBx7Zz+Z0MSmgJIbYw74RAcZ1xw2HtnB/0sDj8rQkICmkrKRuGYrBVGgJvxqy/msO54nWvFvgx9q+iG/RD6nklBPUnTgXH/qyHj5kY1XK/9GvqSgucduN1tch86nWaoAl8lVmLBWVsHft2neABtyM8HWOtRxhSwi4Hs0YGmjDF7Rp+4aI1svtAhRLu0Eqn/spHr8dYX8IRZo/+X4rbr1+jNe7GVWu6r6RpnfPlmruDU6NgZJ3MOABn8xjTtD+i311WzSLFXdOtR7vsKkXQSJUjPDIFGcEc5ONYtb6kW6qWeOmp5lHDwzRBkkX3Uj/McjUi4WumaN7hboALe8m0hyC0LkZ2n3xzwdFTs3tB3Xhx6SrfLCfmAFj6z5VAv4TNdo/+X4rZD+jLeGShEfVXS0i1lTJTxL58wIkQOzrgrkECNic47d/mU6mv0H6PvS69D9I1dNU9bV8Ymvl2ozuWDcWMaKWGcrGU2jsCfMOCQNfOi08QJPlqS3fga7T/AGkghjjY5PCKn3vyGlF7DxeMcbTtXFd60DOQNpQFKB8OYpNwP7SIm+6ijFNtglhvKrjM/Kls2AWdicnJZjkkn3J+eu6JQWOSto45KdhJMagQyIBkREngt8vxP4ah1dI1FUvTyMjvGcFkbKn8DrtYKfKqo3q29BRJDHcrhJLJGkbRQSrFT+aZImDF07HG7Kj8tKo7XXdNVV4oEimrKRhHLDNTAmWDYGaGbj7v7SE9gQQeDy/0XHcLRbTcBTrWUVxZWSCGUCZWjJCuwOMK3q5Gfuj56t9AWrLqLhNTTU8b0Xw8EcybGdA295GX2XJVVU8nk8Z0yhlLzaIEGTu3GfxSy3ChSuFvp0aLUU01TQ0z1jRvUNChlMRGwsVBbbjjGScY0Us1lnvtetHSSU9OSHLT1cpihQrG0m0vggMVRtq++D8tV62s4jUNVmaQQIZYmUKYTjAAjH3AcE86LzXqaK0NQVFRJHZviVqZICw8sTYCiRvqFPcnAGe2rZ4OBrKyQDxO4bzzPnA5iq0Rnk0Hljo6KiuFbVoklIUNU8LxAj0AsB8zkgZB7YAA1hjtJLukqGLzy5eRj7sx3E/vJ1pXUlZK1mvlS0ZEd1p4o4JNx27fM2Roo9y675TnBAxxrOQyu2xuC3Y/LVRiHe/c5Ae5P2A+dWeHSUJPOmkXYiqOyjGu517kd+D8tcI0voIFMUzvZUDBctgbj7a5FMqyGfs2Nq57jP8As6dVO5IAY499RJA7o2Rk7z2GPYDVe8pxsJUL7/lR0wZrUOn7hTUvRcU1cVEVBdZI3VhnMUiFXUf/ALJWYfMoNG6CKelqKiO5QNd4GpolBgHmK0KqAs6Rn74YKobbyrJnHqGs+6b6lS1wtRXChNfa6qSOWVFIVkljPDDPBGMZU9/n31Y6q/WeirrPWULV1HRiUyxUtRQnYFbAdoTztBGCQuQT22jVk2+2lKVZ4i1/zraN/wB6SW0SoiNevS81eKi9UUVLXT1NU0ENJsM0jQtHtDAFQAQMn6DJyedUS9dZ2K6SqJKG6TqoZfOR0hdhjAx37ZOq/wBVdUN1NcFEElQlrpT9hFJhQz+7lRwDzwPb89V7MgkkCgBM5BPHOpPY1TohPw6aa/itNYZKLnWr1TQ1E1srLj0lBdZLdTQySXGCasiKNEAQd4HdueAUOQCfbVYvFRNcJaSpnWnSk8gR0sdOm2JEXuuPZskls+5z2xotb5amzQU0tLRzVpjT9a3CEJlHpcqio5B7MhkYg+zKR31P/otFR9RwxW9/1h01XVCEqxz5YZd8e75ZXGG9wWB0ghQeeLaLxAjz3+U2PCmTDSZPXLz96B2y2RmOOtusUrU7MFpaSMYkq5DwAvvszjJHzwNT+txTyV1BVUExlpZqc04G7KxzQnbKqj2UnDKO+1hnSLLWy3vqQS1U0S1zRyR20SI/kwzYxH90Eqq5ZwQMBlXOBk6RV0Vto7PPFQXhbjTI6+QPKKutSqqshx28p48spyGJRQVBBGjOvqDoZbFt/Pr6TWJQIzK1oXagJLjDGUaVT63jWQRsyDvhjwPx9tJqfsppY2dSyOUJDH5/TvqZYoId7TSJTzkyohDkKUxyCc+lh3yOw25bAwC1eIEFRGIvLy8Q9Cy7znsMvnnOcexGMEcZMkuLkpNbKRRS2WWKfpi53KYxNMr/ANSGSrMsW01GFAwdqyR9/rjODoE8TRSEZQe4IU/vzg6sc0M1tvcAgpGuFs6bkjoqhFTcZw281RVcerl359l2Z40EntM1FdGtbJJJsIIORvMZUMp2jOSVZTt7gnHHOhs4rvSpKhEdfY1tSIuKj7WLfbeZIRxyMY/fqRRVclln8+IrNEylJYnQhZkPdG9sa5c4fJnBePlgq72IIyAMnA7jtz2OiVqpYprbUU9QoFTci0dEqYBDxYYH3yWf7MD6jTXeBPinyocTY0LvFshNMl0ssjzWuU48s8vTOf8Ahv8Aj7N2I1DjmkppoqinYxTxMGRwM7D8/rqb09LUQXaFI5t9JWvHDUxyL6Zoiw4IwR+ft7aj3GBYLlW00AKxRzyIuTkbQxAH7tKhBWkuxBNvXiOXtUpg5dY6vVypL6JXlpaGWnuskdNLLLUSp5aE4ORx3HJHtn8uajdJqGqH/g9E9DH5WSjSlyzkcnJ/3/HQqnhn+0eNGEcI3Svt4VcgZP4kgfjjUmlX4svJMxhoYcNLKOT9FGeCx9h+J7A6GMV3qAHBB06+9SDYQZTWh2e21xqqO60VPR1ttCUs/n0m1pItqJHLGy43kkBlKcjJDcY1Pu95vEs88FPBV1K0jL5iWzeshYtzvZcsq4yAFxkg7iMY1UrbIlspf1tXWyiENWyikoizxTSKmRvWVCGA7ZzkMflxpma+25g5gstZHPI3mGWW8SOAeTggKM9z3OfUedNtq7tktEkFRmbnytB14GNw0FAUjM5miY64+1XmlqpLc9nuV8mjihljlp5JmZifLcPJEruwBZ0MbLzz69NVlxoq2eeoNZbZaeKbdHLc7mJIFI4zHSRgF/oWz21TK+puV/slXWimoqOz2qeMvTUcXlokk25VbGSWPo5JPGfroPaKJbxcKakimipfiJQhqJhhYx3Z2+gAJ/LUS94e7HnBN9INYGb5jrRbqC/C6TNBSTyVFDDUtKJnXbJUTtgNM49sgHaPZfl20DdN0nmk43DBA9vw/HXkgeKSSmmOybcVcHjDDv8AyOlRkkMpHJHY+xHP+motgkeLXr7UU20rkh3Rh8gn7ufqNMF5EOMZ/PXZ42kixEOA2SSeAcaXTpmJfM4b3B0NRU4vJpzrdgJpKyERh5V2844OuKz5OSGXdxkZ9tRslVOTvD4Jz7afpC/9jnIGS3+LSyHitaU3FTKYBNS44WqGFPEjs8jABE+85+Q+pHGj3VcNGaaWa1R1Uhp6hVaeYoAEG5SqouRsRsJuBIJAPG7GodhhcyyVIIEUeInMW5pgzjChFUbtxPAPAycEjOrHMrLb6SKC3VdLLGlRHGZBJPSwKSVaHYoJbuA7YI3qM99TxCgTANYgEa1RLXCtfWpSmUQrK+ZJn7RoBlmP0Cgn8tFbzALjdFktNHsgue16alhGShPpMfPurDB/f21IsNnrrfcqqWlpRWTU5NKKePbPHLKw5WQ8r5YHLE8HGAe5UrI9YtSK0XCmkgp0kDVlZEY6eup5PS8h4y7n7jIPWcAgcHEW1kJKVnSfLrWpECbVDtaXVFuUPTt1hamsJFarocRzVZ2L5ceeZPSjhQcgqjcc6n2eZ6jqKhvNqnnFuvE2yojeTd5Mu3Jhf6A8xn3T6hhrkt8t7W5Xp7f+rrdHC6Wmelh8nbVLJGXrGBLNjKxxjLH0lh33alUd3FyumaCntNhrZZ1kulC0fwkhdQSNu5troWJYKoDA4GCACVsA8U4pCyoQTGvt+dReseTLahFB7VY7jXW3bY4kM9xWZKm4SSBI6GmXPmqSTkMVyW4zsGFzubUua2LTGSs6ftc8toelgpblQP8A2zxMgaGrQZ4LgeYAM7GBU5XOS1JaqO2UNRNUWerqaWWFXRaXEklVvwYTK7r90kbzEAqgKNxY4XTl5ud0rJqK0varvcKcReVMKm5AwxTEKCysqhSYkZVHG1edq4AJA842jEKUom3K410/Mz8qkCYgVWZbHeoqV4kss88EKYVxDnKFyVkdFJLEk7c8j0gc41BgpZa2pe2tTrQOBvnkq2ZUpY1yS3qGVHI7kk8Ad9WK0m8iunj8i9bKSCZKWo/WbBZRE2+OJsjbsO3GMYJx89LutZdL9YrpNV2zqWaoV0aOlq6zz40hJIBXKb5FR2xsz6dynPBwY7SbzGEQb1HId9BZ6mvudNUdS2PMFvsckNPRpO32s6LkyMcHLt6laTHADqO2NI+Ajo4EvFDLHWWuvLLEWf7anmAG+NzkbWGSRz61IPuQLILDVr0/NUxxzGutyRmgpaajligFOAzTqznu8qsc/tZjZWA9Oa7VIx6cqYuk7elVa7gYpq2aneSVofLJYI8Jz5RXOC/II+6wDEaClbjapKpJmdedxy0HIRRLKEddfmo90l+NpTKViiKSHOJDLvB+7hiSePlxk6O0ksdroooau0U9StrSI3qdS/mQI0v2S/eBWRGO5thXJ9J7HVZtUNSJxX0ElLD8AyTvNVOoRRkAHb95uf7oJHB476t1BWUsVNCKG3IgwHo/OLBKsmQiV6gHJ2TbjTqWbjg55JD7xjwUIaTVfVJoOqqdK1YXMlwWZTCPs3V33B4/+Qg5A/fyNMXe3773cmF1tih6qU7ZJGBHqPyXRJv6xWUUtuiENqtFTGHjZCk1MZZjlHDcswIIAXjAzgc6YruooHrqwxWS1Sbp5CskkT7m9R5Pq/PVogpdYAUYvunhypdWZLlhuon0/R0yWuvoJaund+oVSkWVVZ1hiWZB5nYE5lKgf4fzACOGMeRU3OlnhtMHmJS0h+9JIOMyZ55I9RHsMDAGrLWy2CsphLWzz2xrhboIKenjRUS1wrPHmYeomTdKGbHpYruY+x1WurK6qruo69brv+LhPlMWAXLAAFlVcgBj6hjOd2c86rW3UF9QcGmn55WmOd9KOUkpEdeVFXqv1paK1Liiy3S4stXSGPvFHBvAjA9lZfOwPfamqqGJ3cAAD72f46uVPcKaknppHo6el+Hko46y4wSNsoqoRyCBVYZwmAxlUZyWfsVGIL9OSSUrUJplpbzFO9VV73wkNGeB6R3Vcb8jOUdSM5GttYkuKVmIMHd1yOlYUBIAFSbZR160kdG9ukjt8itFXSuSQ4qQgjkA9xGBE3GcHBPfQvpy3NTVNbT3CnnlKsKRY4Mb5agyqBCpPGWxyRkhQTjRNqmtQW6otkdxSOkIisdK8Tn42Ji3xDkZ48zPZeCMqCdup9oh8mKhlora1Xb56ox0jysYpISzjfTB+PtDtwzkcRhjnn0xUoKJVv3eXXV63oKp10gRKzcsU8ccgWWIzyB3ZGAIcsOCWySfkcjuDpoBllfdjI3Dj89HuoKaU08HmRmjeOX0QTACWbzBuaUEMwPK5YcBWYryQcVmSpJdkdNxkJJZT3J7D6f66YQ6gAKPRqJSTS92yHbgks2c+3A/11wOh9x+8aUduBGrE7Rg/iedR/K5PpXvqS1LEZb1GAdabG8tsYmRfcYxqVCuxSR3T1Ngcn6aQIQCHc5YH20mmyyyyE4ydAZSW1AHUz6WqRMirAlpNpeFYJY62vracTxmHzfsySCqrtG55OOD91WGQcrkaA3Rlyms9svNhlSqslyhNJRxGWaJ4X8z7Skkwu12LHJdSCWjDED7pysVEiB1jk8oTOseTJ5agE9iewHz9tXy32i+9EQTp1FWXOx27ctbRw0GyqiuVUjxbE8yJ2VAyNuWQ7lbaMBtc/tjM0tpOHfShz+1V8wPIbwYM7hM2p7DQpKitBI4jdU7p/wp6rENaq0sVHSMsrTIzTzS10EZyUjWFTuRuBwATz2BAMnqdrT0NWvQ9YdQ324VVbFHVzWynscCJ5rDBaVah2CNuGdnl5BAOFOtb6cNZ1T0/Z4OrkaoqK+hqYa5aiUl5C2Gj3FN5jJABMeNyncFUYLasdmsdl6nqupbZ1Pa7fd7fWVVLHR08lKzhXWGQlkdPVGNicFCO2MrnaPIMX2w2j3q+/VZOoRFxITYkExqdRb510qNlslIyC54+U1itutvhX1VNS156jnpJfNjpZaOuuC0ZMGDlGQRKiRgDujEA4BySW031hZrP071zZIemai2IlZIqRwmsaasRFRuHLZRQSAFAIfkL6uwuPVf6KHT1yq6yHoW+y2e4wENJbbipqIkUjI2yACRVz9H+pOservAPrjpu8TwXKwC422mk8uorqQS1FL90NuJjUygD57OD307sTbrD2ObxDeMUSmDkWY1I4kTrzpbGYRxLCm1Mi+8VXJqWCooblR1F/bz45mq7m1Vb5lcMp2ohPJPqkPBAwx1CuFPbammt1BbrpFLFQ00jP5lG8RLkl3bJHOeAPfgDjVm6julM9lWnhBulJGvl1piqGFRHh8xoGlTzGiHGMrgEnhfcPLL0107XV9LHR3ySfy3pmMtTCNquBvONmdwBIHt/LXobrfcOpLkEECfi0N+J9Tx1qgSrMLbvKhFFYqG4vSU8NzgWpqG2JG1FMSSTgDIXB5+Xz0Sp7dRXqhtdoor159xhqJvh0jopgPLYBiOwxhlYk9gMknjXLddOlLRdaG40lFfpZaOpjqI1lqqcKxRgwBIT6aUtwt9r6bqJrJTSRTXOtalmWsdJ2+HRRIVXaq4Bd1zzzsH10ilSXDJyjjGbS3PjzohnqKP2qso6e6W2ZOuaNamlkNPUxiCslFYFYqsiARkEsmwAkAhkU9+dT6ultVh6gqLn09V0L3ajonqpFS4tFD5ofG5UWMA7sqfJ37dxZTwMGl0FfD51fc5KeO007kUIkt8JUwGRGPmKrM3shBAIJDHBGnquS32ysjsVW1QqwRCjuNTBGCXZJjIVjVsYIIC7j7rnHztmHEJABgz563EXJuY10460JSTM1LprdXQ1VPcbka1XqlaohSkQmpqgwJJTAwqE5yx7DOAcacr7/VJS3NVMFUalIjcVi3SwRx7SkVNu7ARg5DZPrC4JK5069YJbDBX3EQVU5dacQvO8UjKF7OkYAdV7ckHBA9+BAv1xjaI09W1LFASYYqZRFGme/pHByODuzkcHOuncacWqZtupYKAF6OSPU3mWy1dfcJDI8sTgCZvIq2VQDtYDCTgellbBOQQcHTVVaaP+mN6p62op6yKJpKiBEnES1rHDLGJGwEyGyc8kKQOSNTunJ0pYluFWkVrqJw6wS0heHIUHdPNErBTGv0C5IHB7Gt3GS2UqJ+rqWWpqmV4SlxUoUbI2yYBwzjJGDx9zg51sqWy2ULNzfnwFuPCsELXI8qtFNaFW33uo6ralrK26UUM9XNC6SC3UrVEaRspXI37tp2L2iQ/3sAr0V0zFWdYUHT/AFlPAtzo0ampammrVZa2FfTsEgJKuinMZ27iMDB2qNVGKd7vaL6TVLJWiMVFa9TPtasn81QkCDswWNXYDHfOOMDUik8Nusutf1dS2O0T3en8sLQ1bKIEWPG4xNLJtGUyRgk4HYkY1yO1VoZwjh77ulQYUSBFyZnfpugg230/hgpTg8OblWzXrws6T6aje2Xqubo+1VdPJJK9xubhpJCwUBaeaMFiFXOcZDYIb0lNZdJWdMVvUdHZrDfZDQvKtNFWTUBjlJ9KLiVNhKsAqEsoAAB2gjJ0rpb9D6RXE/XvUkUYAz8LZwZHY98GaUADuc4U6vHWPh50T0F0ZeLf0jakorwYrfO7EtPUTwfrKmjO6RxjlzjbHt9uMa8mwPapGCxCWWcUt5Z8Nh4ReJlUzEjlw1ro3NnqdSVrbCBrzPyrK6DojrO5xztb5KeojeqkghaGolhlhmpcmmESSpuGG8wgEkvukzjvrz+F3Wl9doaq2pZ7pAEj21Ncpp90mWk2AAyLK44x6uCwXjAGuz3+yWaptVJfamCy0ZqWhjWvqoWWGFVO5GLSNkruXjavb+zYgAZHVdZX+pqp4KLqm8UHVNZdaih/UluoPLjoKdUAXeTtVlJL7dmMeqQ8nbq+2ft/tBtJbiWihCQJClgxqRcggGNSbAW3RSj+CwWHjMCSdwrP5rNbqG6VNHcahFgpZRTzVYUKYig2u0aqS2C4f0MPVkMCCxxT41Qk1Hrb3wR3Ynj/AK/iNEL907U2C41NruECUtTShcqsiuUzk+rByGPB2thhwCAdQvLWFcqeGA/hr1/BIC2UQoLTE5pmTxHKa5t0ws2g8KQVSEg88/Ia6eed38NLYE8e3vpLR7jw7AasCkgeEW650CZ1pMTiQAEgng4516nhUwSevsQcD8ddRAkYCjd8iNdjcgN5u0bvTjQ0osO84VInhXXGChxkY3Y/H/tq89MeL3U/RluS222oirKCNlkjhrBIyxHuApR1O3n7pzggEYIzqkyKGRG75GMfLGmp6gQFN8YckYySRj92lNo4DB45koxjYUnW4n1orDzjKpbMGtObx86wYRyUlHao5EbfvMc8zdj33ykbeckHuQCc41r/AIC1lX1n0f1tN1Er3d6ivRH8lzFJlo1IEewjscnGfYfn8mSVT7vs/VFgenHGf8/z1a+juuOpeiqmSbpa5yUyVOBU0skQnp5hjHrhcFScEjPBAzgjXB7X7JYXE4BxnZLaUOykyZ/SZsb61b4baS0PheIUSm/1r7mobTe7Ba1oLVIOpKa00tHTwQ1VQ8E7Sbtss00pzHjZllQDOcgnkaf6prL/AEhsQ6Mho5qupu8cVRLXxymKCl8uR3k9BDAjaoA9ycEa+funP0jenaq52i4eIPTDU90tMc0dJcLZM0yQCVQr5p2ZcAhR2ZsAYA51tPTXXdg6mpQ3RvUlqvdSzMZIZqqWN6eAlmLGF1ErBWbGcDCkerC6+fNqdn9qbLeBxmH4ySnwqJneCRG+TluYI49ph8Zh8Qkhtf1uPn+aBVvUdhvMl3h626Tku9B01fD0/NX1Dx132rFUSSXdtmCM0irkFgpYZznQG/8Agv4NXXqCutFStR07fYYzPUU9HVTwkR8DzVWRHj2ZI9QOODnGrV0HZa/4rrn+kluhmo+pOo5q8PA7GOmYAExSrKsbhgyIQyhgT8sarfXdbd5PFuvl6Wrltly/oBUUdLVVtPIsL1Jqw5iR22qXKtkEFgCQTnGiMOupxK2cO8pASmZCvDMJ3XAuVTA3cqEtILYW6gKJMXF9/wBoqsQ/ooWK5xrWdH9Sw3i3yEFWqEapwM8jzqaUKR7ZC8Z7ah3T9GzrClo6KCyf0Jlp4Hlby6kVB3b3DBszxnBwoHDc86t/iOvTlV4MeJtd0ayyfq+6LP8AEU7KFp68/A+c0DIRjiQhyMZYydxjVhur3IdW9P2fov4np+9wSQV9yS4XA/CVlq2/ahIckTHdgZVVdCrZIBzq6a7QbbZQVJfEAkeNCZASEqlRF943edKKwODWqCi9tCd5IsPSsdi8DevKWOhpp+mOl5RDcmrao0tfTqpjbycLGGYBWwj/AE9Qxqs0X6N/iPHd4KyvttLLD8SZpTHfKVpCCSSQScbvx99fSvW/UlxsXiN4e0lLc7tT2a8LdTcqWkpxUtItNAskflII2fdk87fvYHbRToqru9zojeKu6Cutd5t9uuVso6kxyTUSyRZmjYoibwWZdpPbBB7cnPbTbrTDb5U3Go8JEwSItb9JPlvqA2Vg1OFsZp8+U/evmqt/R669uENqSksdHSLS0nlSfF36kkcuZHcksuP749uMYycZL1i/Rf6vNaTdn6eSKBPOeF66WbdwSARDG2e3Yd9bt1ferzQ+K/hxZKS611NZL+K5a+lhaMCVoIg67W2FlGWGcNz9Mau01Vbblcoum615557hSSvLHCzqyQ7cbiyEFNxyFIPJVtNOfxD7RthpWZEKGayASEg3mdTY2rE7FwKioQbGNd/pXznYv0fZOq6OO713WdLPb6wCZqmKzy+TsjYoYN0kkfpVl5GMZXudGL/4Q9C2C1vf7h1BfbvcGqYoVu8dWJESoLqm5Up0Y5HpX9vBIBzgjVu/R1oqaXwasT1dLHO8ktXHLJPHvMqpUMqKxI5VQAAvYfLUbo+utlh8Uup+hqe7QUVjt7UtzsVpjO0Q1U4V5URgclELtIsecAvnHGdJYztTtl/GYhKsUshokwITICo3A3ki2kTU2sBhUNIIbHiEXvFvaiK2fpvw6qunqezdD2+Gs6gucVutlfHSIHp6iYf8YSl5FI2lvTnGSvHGTFik6i6grLw94vMV1sNSxmt1ZArJLHIshikp93AMY2blYD1bm59hzr6wV3U936Hp7dbFrorT1DDdq55po44jAisDHzlmdt3ChCMdyM6at9JT+GrSVfV17sfTlijojQWq1CYotMDUGof1PhpXOQoCrhVUAA8nXIl44lgKCszyhoZWqxMRqQTblEk1ZhPduREIHoP2NWKsN6q7nHFCtDbaKluVLK0jSGVrnR7WNRGETBgcFl2kkgkAnjjWceJdBJavCPq6vqLi156go/JiqLlPTiNQUr4JQFj27WRcxqcghvL/AByH6p/Sl6at1RUw9LW6v6ilgIENSZPhKWTcoyTuXzcKSRjapJGc4xrCOvfGvqzr+nnobxcI6KzSOH/VdBH5ULYORvOS8nIB9ZIyAca7bs/2O27iH2nXWg00kpUSrwkgEEjeoyPIAnkBVZjdp4RCFJSrMogi3UVC6r6zud+qamruVwpq2qqEEEkUBZ18s8vt3ZEeSoJ43c7QQBqXaPEy5WHeLHSQ0t0nhjgrLg9XUStP5Y9D+WW2BsDGW3ewGBkGiK28AnjB/wA9Oqd1VuzwGPOPbPP+evo//gmz3WEsLbBQP07o4RvFcR/OPJUVhV+O+l1FVLWT1dVVytPPO5mmkcep3Zslj9SSdMybcIeMbF/lroHobIzuwO/f30ioVQiqx2ekcjPHGrkpDaISBAFvtSc5jeoj1DrJ6Puj3I1JiPmoGHY/PUaZkaMKj7io7Ae+nEMiqBTSRGP/AJu+dV7Ti0uHMcw5RRVJkWtTyYxx2/HXSoJAYDuO+mXlEIxuBI78aUXIUtjJAzgcadDiNOFDynWny21PTwFJHHyOm2kQL64Fce/JGPyzphpdxUptEozuLH+WnxNEEJKrn325AJ1EOhyQDUssVyLy8f1bYhP7QG7+fbXkNUzbWIlQ9gDpyImRcx0+A3scnS2yQN7hQeMY7fgBqaWwoAgx5WqJN6R5KAr5nJ/uoe35655KHaFiA2nIPfn8TpW9ML5SA9wSzZ5+eNNSu3pOWZs44541iu7AmOvvWAq0q2WLxN6xsfwpoOprpEtHLvp6eWb4mJDt28JJuXGCRjtrTbP+lX1bSbIr3aLDeqXGJF8qSlkcDtwjGIdz2jxrAzMFkMYRi47jToye/GuYxnZrYe05/mMMlShvAyn5pg0+1j8Xh/gWQPn719JyfpC+H3UdsWj698P50pzKJJIKMwywNIeC5UNEWPA7gn0jnVsqPFXwbvNPYzU3G722ewsZbVPHSVUFRRZUKVWZNxKkAAqSQQB318fsiyABxuxyNMzVDRt9nlWB5OuTxX8OdipPeIccbA0CVzrrGYGrBG28SRBSlXmP2r7K/wDiV4Z9SdVWTqGp65rLXc7H5qW7edtPAZY9sjiMxNuLjglsEFfbjTlh8SPDPpNK28/05mudRdjSU0lLJIJWo4YiyRJHHHGqpGqsSQM4+p18bJOJAGLeXMRnIyA344/npmWaSFlbydoPBx7n8QcEarnf4c7OCcoxC8lhFj4ZmJjjc0ynbb0z3Yn11/xX2BduuPD283+k6gu/iSsN5tUlWtkeigbyaJZEClinl7nDZz6mJwMHHtLt/ix4TWaa61q9VXe5Xa6QQwV9S8VZM8yRg7FQ4AiUbm9KkcNjXyArxvGCY2Bxn+0Pf92o82ZI8BgDnn05Om1fw2wCkAKxDhAAgJyptrHw6TeON9TQhtx3NORM8TJ+/pX0vbPG3w26Hu1VP0NZOpobfJSJA1phaKCheRXyKkq7s/m49OcYx7Z1Fuv6WvULRtD0p0xbbXTPy3xk8tQ7NnlsR+WmSeeQfqTr5wmq2VtgJG3j0DA/hpumkL5jXczMcrjnVk12I7OpfBeQp1URK1E6aAxAPrNBO1sZkhBCRyFaffvHLxDvySR1nU1db6eQFRDbY0oowD3H2agn8SxOs9ljaoeSd2aeeTl5WYu5+pJydcIkjC+YGibHPP8AMaXu+bJ+OMEfmNd1gtlbPwCcuFZS2OSQPaqh3EPPGXFE+tR44zGCv3h7NnnTFUmcHGWPtqZNvRAyFZctgkkbh+GvSKAVPlsv45P8dHW0FpLfChBRBzU3TRNHHmQ+kc/XUhQcFzwzZ2rjk57n/fz0ygKvuDHgcZPbTqvnJLYPcsRk4+h0w0AhASN1RJk14qCcDhU+8ffPvqNUoZQOeee2n2fJxyAvbSSce2tuJDiSk1pJgzTccaRrhVAGuuEY5KA/lqMEkkkVi4P+E8amaXaIWkgJgCpqsdaiSAmVjIBgHGPnrkkpYZAC+3GkTcy/mNeYd9Vq1GVAUYCwNcTGxtwyR7jUqEyxBTuZRjvnTUP9uB7FBnTTE72GTjPbUmiGgF1h8VqlvM8kmWkYqPvAtnOvIFLgbmY4yCTqOn30/wAB/nqV7r+Om2lFzxHrSoKEWpYAHAGkNH6SEJUn3GljUaUkGLBx6jppyAJIoSdafRApLfec/tHXi2GwffStR5vvwfi2orIaRIHU1gGY3p8/dOPlwdDWZ8Fm/vZ/HUwcKmP73+Wkn+zT/wBw/wA9J4lPegXiPxRUeGvNiBweyuBkd9Px4ABTlfYMMj92mqj/AD0uLiIfgdGb8DpTUVaA08WBHEYzj2J03E6smSjK3uCddHYa4/7H+LTZmZmoDhUeqcCbDRJyM5OW/wBNNo+8Nuk25/IfuGu1n9qP8I0qpVRjAA4Htqjes6s86ZTdIpxVDRKqkqN3t76f0zD/AMD8Dp4at2fhny9qXXrXtMVLtHsZXbGMbdxxp/TM/JXOtPiWzWI1pUeRguOSPbTUk53gBTgd8aeh/Z/DUV/uj8T/AD0F5SkIAB6tU0gE3qWSx2bdvJ5ydcySrEgjPGDpZ10dxprKeNDmo9M7OnqbOnS4BxnTcX3m/P8AnrjfeOgskpbAqZAKq//Z', 'Test1', 'Tere Liye', '123', '2023-06-24', 233443, 2, 342, '<div>fdsfsdfds<strong>dsfsdfsdf<br><br>dfsdf<br><br>ds<br>f<br>sdf<br>dsf</strong></div>', 23, '123'),
(4, NULL, 'judul 1', 'penulis 1', 'penerbit 1', '2023-04-17', 2147483647, NULL, 123, NULL, 999, 'Rak C-12'),
(5, NULL, 'judul 2', 'penulis 2', 'penerbit 2', '2023-04-19', 2147483647, NULL, 123, NULL, 888, 'Rak C-13'),
(6, NULL, 'judul 1', 'penulis 1', 'penerbit 1', '2023-04-17', 2147483647, NULL, 123, NULL, 999, 'Rak C-12'),
(7, NULL, 'judul 2', 'penulis 2', 'penerbit 2', '2023-04-19', 2147483647, NULL, 123, NULL, 888, 'Rak C-13'),
(8, NULL, 'judul 1', 'penulis 1', 'penerbit 1', '2023-04-17', 2147483647, NULL, 123, NULL, 999, 'Rak C-12'),
(9, NULL, 'judul 2', 'penulis 2', 'penerbit 2', '2023-04-19', 2147483647, NULL, 123, NULL, 888, 'Rak C-13'),
(10, NULL, 'judul 1', 'penulis 1', 'penerbit 1', '2023-04-17', 2147483647, NULL, 123, NULL, 999, 'Rak C-12'),
(11, NULL, 'judul 2', 'penulis 2', 'penerbit 2', '2023-04-19', 2147483647, NULL, 123, NULL, 888, 'Rak C-13'),
(12, NULL, 'judul 1', 'penulis 1', 'penerbit 1', '2023-04-17', 2147483647, NULL, 123, NULL, 999, 'Rak C-12'),
(13, NULL, 'judul 2', 'penulis 2', 'penerbit 2', '2023-04-19', 2147483647, NULL, 123, NULL, 888, 'Rak C-13'),
(14, '', 'Tes Buku', 'Saya', 'Saya', '2023-06-25', 67263213, 3, 21, '<div>hsdjgkasdvvk<br><br>dhaskjdkjasbd<br><br><br>asldkhsdkhkd<br><br><br>asdhkasbdhkasd<br>\\<br><br><br>jadlashld</div>', 23, 'Rak-102');

-- --------------------------------------------------------

--
-- Struktur dari tabel `category`
--

CREATE TABLE `category` (
  `id` int(11) NOT NULL,
  `kategori` varchar(255) COLLATE utf8mb4_unicode_ci NOT NULL
) ENGINE=InnoDB DEFAULT CHARSET=utf8mb4 COLLATE=utf8mb4_unicode_ci;

--
-- Dumping data untuk tabel `category`
--

INSERT INTO `category` (`id`, `kategori`) VALUES
(2, 'Novel'),
(3, 'Majalah'),
(4, 'Contoh1'),
(5, 'Contoh2'),
(6, 'Contoh3'),
(7, 'Contoh4'),
(8, 'Contoh 5'),
(9, 'Contoh 6'),
(10, 'Contoh 7'),
(11, 'Contoh 8'),
(12, 'Contoh 9');

-- --------------------------------------------------------

--
-- Struktur dari tabel `peminjaman`
--

CREATE TABLE `peminjaman` (
  `id` int(11) NOT NULL,
  `bookId` int(11) NOT NULL,
  `peminjamId` varchar(191) COLLATE utf8mb4_unicode_ci NOT NULL,
  `tanggalPeminjaman` date NOT NULL,
  `tanggalTenggat` date DEFAULT NULL,
  `tanggalPengembalian` date DEFAULT NULL,
  `catatan` text COLLATE utf8mb4_unicode_ci DEFAULT NULL,
  `status` enum('wait','ready','cancel','borrowed','returned') COLLATE utf8mb4_unicode_ci NOT NULL DEFAULT 'wait',
  `penanggungJawabId` varchar(191) COLLATE utf8mb4_unicode_ci DEFAULT NULL,
  `kodeBuku` varchar(191) COLLATE utf8mb4_unicode_ci DEFAULT NULL,
  `updatedAt` timestamp NOT NULL DEFAULT current_timestamp()
) ENGINE=InnoDB DEFAULT CHARSET=utf8mb4 COLLATE=utf8mb4_unicode_ci;

--
-- Dumping data untuk tabel `peminjaman`
--

INSERT INTO `peminjaman` (`id`, `bookId`, `peminjamId`, `tanggalPeminjaman`, `tanggalTenggat`, `tanggalPengembalian`, `catatan`, `status`, `penanggungJawabId`, `kodeBuku`, `updatedAt`) VALUES
(1, 3, 'Pf8U3d6J7WqluFK', '2023-06-24', '2023-07-30', '2023-06-24', 'Aman', 'returned', 'ruAdYnttMdN3OAz', '093212', '2023-06-24 07:51:07'),
(2, 3, 'Pf8U3d6J7WqluFK', '2023-06-24', '2023-07-19', NULL, 'Buku habis', 'cancel', 'ruAdYnttMdN3OAz', NULL, '2023-06-24 16:59:11'),
(3, 2, 'Pf8U3d6J7WqluFK', '2023-06-25', '2023-06-27', NULL, NULL, 'ready', 'ruAdYnttMdN3OAz', NULL, '2023-06-24 17:02:16'),
(4, 2, '4JKsuudZ02bi9Co', '2023-06-25', '2023-07-20', NULL, NULL, 'wait', NULL, NULL, '2023-06-24 18:38:54'),
(5, 3, '4JKsuudZ02bi9Co', '2023-06-25', '2023-09-15', NULL, NULL, 'wait', NULL, NULL, '2023-06-24 18:39:07'),
(6, 4, '4JKsuudZ02bi9Co', '2023-06-25', '2023-07-07', NULL, NULL, 'wait', NULL, NULL, '2023-06-24 18:39:13'),
(7, 5, '4JKsuudZ02bi9Co', '2023-06-25', '2023-07-16', NULL, NULL, 'wait', NULL, NULL, '2023-06-24 18:39:19'),
(8, 6, '4JKsuudZ02bi9Co', '2023-06-25', '2903-03-25', NULL, NULL, 'borrowed', 'ruAdYnttMdN3OAz', '232', '2023-06-24 18:43:51'),
(9, 7, '4JKsuudZ02bi9Co', '2023-06-25', '2023-06-28', NULL, NULL, 'wait', NULL, NULL, '2023-06-24 18:39:30'),
(10, 9, '4JKsuudZ02bi9Co', '2023-06-25', '2023-07-18', NULL, NULL, 'wait', NULL, NULL, '2023-06-24 18:39:44'),
(11, 10, '4JKsuudZ02bi9Co', '2023-06-25', '2024-12-10', NULL, NULL, 'wait', NULL, NULL, '2023-06-24 18:39:52'),
(12, 11, '4JKsuudZ02bi9Co', '2023-06-25', '2057-03-21', NULL, NULL, 'wait', NULL, NULL, '2023-06-24 18:40:03'),
(13, 12, '4JKsuudZ02bi9Co', '2023-06-25', '2023-07-07', NULL, NULL, 'wait', NULL, NULL, '2023-06-24 18:40:31'),
(14, 13, '4JKsuudZ02bi9Co', '2023-06-25', '2023-10-26', NULL, NULL, 'wait', NULL, NULL, '2023-06-24 18:40:51'),
(15, 14, '4JKsuudZ02bi9Co', '2023-06-25', '2057-03-21', NULL, NULL, 'wait', NULL, NULL, '2023-06-24 18:40:57'),
(16, 3, 'Pf8U3d6J7WqluFK', '2023-06-25', '2023-06-26', NULL, NULL, 'wait', NULL, NULL, '2023-06-24 18:42:18'),
(17, 10, 'Pf8U3d6J7WqluFK', '2023-06-25', '2023-07-16', NULL, NULL, 'wait', NULL, NULL, '2023-06-24 18:42:22'),
(18, 8, 'Pf8U3d6J7WqluFK', '2023-06-25', '2023-06-26', NULL, NULL, 'wait', NULL, NULL, '2023-06-24 18:43:17');

--
-- Indexes for dumped tables
--

--
-- Indeks untuk tabel `auth_key`
--
ALTER TABLE `auth_key`
  ADD PRIMARY KEY (`id`),
  ADD UNIQUE KEY `auth_key_id_key` (`id`),
  ADD KEY `auth_key_user_id_idx` (`user_id`);

--
-- Indeks untuk tabel `auth_session`
--
ALTER TABLE `auth_session`
  ADD PRIMARY KEY (`id`),
  ADD UNIQUE KEY `auth_session_id_key` (`id`),
  ADD KEY `auth_session_user_id_idx` (`user_id`);

--
-- Indeks untuk tabel `auth_user`
--
ALTER TABLE `auth_user`
  ADD PRIMARY KEY (`id`),
  ADD UNIQUE KEY `auth_user_username_key` (`username`);

--
-- Indeks untuk tabel `buku`
--
ALTER TABLE `buku`
  ADD PRIMARY KEY (`id`),
  ADD KEY `buku_idKategori_fkey` (`idKategori`);

--
-- Indeks untuk tabel `category`
--
ALTER TABLE `category`
  ADD PRIMARY KEY (`id`);

--
-- Indeks untuk tabel `peminjaman`
--
ALTER TABLE `peminjaman`
  ADD PRIMARY KEY (`id`),
  ADD KEY `peminjaman_bookId_fkey` (`bookId`),
  ADD KEY `peminjaman_peminjamId_fkey` (`peminjamId`),
  ADD KEY `peminjaman_penanggungJawabId_fkey` (`penanggungJawabId`);

--
-- AUTO_INCREMENT untuk tabel yang dibuang
--

--
-- AUTO_INCREMENT untuk tabel `buku`
--
ALTER TABLE `buku`
  MODIFY `id` int(11) NOT NULL AUTO_INCREMENT, AUTO_INCREMENT=15;

--
-- AUTO_INCREMENT untuk tabel `category`
--
ALTER TABLE `category`
  MODIFY `id` int(11) NOT NULL AUTO_INCREMENT, AUTO_INCREMENT=13;

--
-- AUTO_INCREMENT untuk tabel `peminjaman`
--
ALTER TABLE `peminjaman`
  MODIFY `id` int(11) NOT NULL AUTO_INCREMENT, AUTO_INCREMENT=19;

--
-- Ketidakleluasaan untuk tabel pelimpahan (Dumped Tables)
--

--
-- Ketidakleluasaan untuk tabel `auth_key`
--
ALTER TABLE `auth_key`
  ADD CONSTRAINT `auth_key_user_id_fkey` FOREIGN KEY (`user_id`) REFERENCES `auth_user` (`id`) ON DELETE CASCADE ON UPDATE CASCADE;

--
-- Ketidakleluasaan untuk tabel `auth_session`
--
ALTER TABLE `auth_session`
  ADD CONSTRAINT `auth_session_user_id_fkey` FOREIGN KEY (`user_id`) REFERENCES `auth_user` (`id`) ON DELETE CASCADE ON UPDATE CASCADE;

--
-- Ketidakleluasaan untuk tabel `buku`
--
ALTER TABLE `buku`
  ADD CONSTRAINT `buku_idKategori_fkey` FOREIGN KEY (`idKategori`) REFERENCES `category` (`id`) ON DELETE SET NULL ON UPDATE CASCADE;

--
-- Ketidakleluasaan untuk tabel `peminjaman`
--
ALTER TABLE `peminjaman`
  ADD CONSTRAINT `peminjaman_bookId_fkey` FOREIGN KEY (`bookId`) REFERENCES `buku` (`id`) ON UPDATE CASCADE,
  ADD CONSTRAINT `peminjaman_peminjamId_fkey` FOREIGN KEY (`peminjamId`) REFERENCES `auth_user` (`id`) ON UPDATE CASCADE,
  ADD CONSTRAINT `peminjaman_penanggungJawabId_fkey` FOREIGN KEY (`penanggungJawabId`) REFERENCES `auth_user` (`id`) ON DELETE SET NULL ON UPDATE CASCADE;
COMMIT;

/*!40101 SET CHARACTER_SET_CLIENT=@OLD_CHARACTER_SET_CLIENT */;
/*!40101 SET CHARACTER_SET_RESULTS=@OLD_CHARACTER_SET_RESULTS */;
/*!40101 SET COLLATION_CONNECTION=@OLD_COLLATION_CONNECTION */;
